freq,v_out1,v_out2,v_out3,v_in
100.0E-3,946.0E-3,918.0E-3,845.7E-3,1.000
102.3E-3,945.9E-3,917.9E-3,845.2E-3,1.000
104.7E-3,945.9E-3,917.8E-3,844.7E-3,1.000
107.2E-3,945.9E-3,917.6E-3,844.1E-3,1.000
109.6E-3,945.8E-3,917.5E-3,843.5E-3,1.000
112.2E-3,945.8E-3,917.3E-3,842.9E-3,1.000
114.8E-3,945.8E-3,917.2E-3,842.2E-3,1.000
117.5E-3,945.7E-3,917.0E-3,841.5E-3,1.000
120.2E-3,945.7E-3,916.9E-3,840.8E-3,1.000
123.0E-3,945.6E-3,916.7E-3,840.1E-3,1.000
125.9E-3,945.6E-3,916.5E-3,839.3E-3,1.000
128.8E-3,945.5E-3,916.3E-3,838.5E-3,1.000
131.8E-3,945.5E-3,916.1E-3,837.6E-3,1.000
134.9E-3,945.4E-3,915.9E-3,836.7E-3,1.000
138.0E-3,945.4E-3,915.7E-3,835.8E-3,1.000
141.3E-3,945.3E-3,915.5E-3,834.8E-3,1.000
144.5E-3,945.2E-3,915.2E-3,833.8E-3,1.000
147.9E-3,945.2E-3,915.0E-3,832.8E-3,1.000
151.4E-3,945.1E-3,914.7E-3,831.7E-3,1.000
154.9E-3,945.0E-3,914.4E-3,830.5E-3,1.000
158.5E-3,945.0E-3,914.2E-3,829.3E-3,1.000
162.2E-3,944.9E-3,913.9E-3,828.1E-3,1.000
166.0E-3,944.8E-3,913.5E-3,826.8E-3,1.000
169.8E-3,944.7E-3,913.2E-3,825.4E-3,1.000
173.8E-3,944.6E-3,912.9E-3,824.0E-3,1.000
177.8E-3,944.5E-3,912.5E-3,822.6E-3,1.000
182.0E-3,944.4E-3,912.1E-3,821.0E-3,1.000
186.2E-3,944.3E-3,911.8E-3,819.4E-3,1.000
190.5E-3,944.2E-3,911.3E-3,817.8E-3,1.000
195.0E-3,944.1E-3,910.9E-3,816.1E-3,1.000
199.5E-3,944.0E-3,910.5E-3,814.3E-3,1.000
204.2E-3,943.8E-3,910.0E-3,812.4E-3,1.000
208.9E-3,943.7E-3,909.5E-3,810.5E-3,1.000
213.8E-3,943.6E-3,909.0E-3,808.4E-3,1.000
218.8E-3,943.4E-3,908.5E-3,806.4E-3,1.000
223.9E-3,943.3E-3,907.9E-3,804.2E-3,1.000
229.1E-3,943.1E-3,907.3E-3,801.9E-3,1.000
234.4E-3,942.9E-3,906.7E-3,799.6E-3,1.000
239.9E-3,942.8E-3,906.1E-3,797.1E-3,1.000
245.5E-3,942.6E-3,905.4E-3,794.6E-3,1.000
251.2E-3,942.4E-3,904.7E-3,792.0E-3,1.000
257.0E-3,942.2E-3,904.0E-3,789.3E-3,1.000
263.0E-3,942.0E-3,903.2E-3,786.5E-3,1.000
269.2E-3,941.8E-3,902.4E-3,783.5E-3,1.000
275.4E-3,941.5E-3,901.6E-3,780.5E-3,1.000
281.8E-3,941.3E-3,900.7E-3,777.4E-3,1.000
288.4E-3,941.1E-3,899.8E-3,774.2E-3,1.000
295.1E-3,940.8E-3,898.9E-3,770.8E-3,1.000
302.0E-3,940.5E-3,897.9E-3,767.4E-3,1.000
309.0E-3,940.2E-3,896.9E-3,763.8E-3,1.000
316.2E-3,939.9E-3,895.8E-3,760.1E-3,1.000
323.6E-3,939.6E-3,894.7E-3,756.3E-3,1.000
331.1E-3,939.3E-3,893.5E-3,752.4E-3,1.000
338.8E-3,938.9E-3,892.3E-3,748.4E-3,1.000
346.7E-3,938.6E-3,891.0E-3,744.2E-3,1.000
354.8E-3,938.2E-3,889.7E-3,740.0E-3,1.000
363.1E-3,937.8E-3,888.3E-3,735.6E-3,1.000
371.5E-3,937.4E-3,886.9E-3,731.0E-3,1.000
380.2E-3,937.0E-3,885.4E-3,726.4E-3,1.000
389.0E-3,936.5E-3,883.8E-3,721.6E-3,1.000
398.1E-3,936.1E-3,882.2E-3,716.7E-3,1.000
407.4E-3,935.6E-3,880.5E-3,711.7E-3,1.000
416.9E-3,935.1E-3,878.8E-3,706.5E-3,1.000
426.6E-3,934.5E-3,876.9E-3,701.2E-3,1.000
436.5E-3,934.0E-3,875.0E-3,695.8E-3,1.000
446.7E-3,933.4E-3,873.0E-3,690.3E-3,1.000
457.1E-3,932.8E-3,871.0E-3,684.7E-3,1.000
467.7E-3,932.1E-3,868.8E-3,678.9E-3,1.000
478.6E-3,931.5E-3,866.6E-3,673.0E-3,1.000
489.8E-3,930.8E-3,864.3E-3,667.0E-3,1.000
501.2E-3,930.0E-3,861.9E-3,660.9E-3,1.000
512.9E-3,929.3E-3,859.4E-3,654.7E-3,1.000
524.8E-3,928.5E-3,856.8E-3,648.3E-3,1.000
537.0E-3,927.6E-3,854.1E-3,641.9E-3,1.000
549.5E-3,926.8E-3,851.3E-3,635.4E-3,1.000
562.3E-3,925.9E-3,848.4E-3,628.7E-3,1.000
575.4E-3,924.9E-3,845.4E-3,622.0E-3,1.000
588.8E-3,923.9E-3,842.3E-3,615.2E-3,1.000
602.6E-3,922.9E-3,839.1E-3,608.3E-3,1.000
616.6E-3,921.8E-3,835.8E-3,601.3E-3,1.000
631.0E-3,920.7E-3,832.4E-3,594.2E-3,1.000
645.7E-3,919.5E-3,828.8E-3,587.1E-3,1.000
660.7E-3,918.3E-3,825.1E-3,579.8E-3,1.000
676.1E-3,917.0E-3,821.3E-3,572.6E-3,1.000
691.8E-3,915.7E-3,817.4E-3,565.2E-3,1.000
707.9E-3,914.3E-3,813.4E-3,557.9E-3,1.000
724.4E-3,912.9E-3,809.2E-3,550.4E-3,1.000
741.3E-3,911.4E-3,804.9E-3,543.0E-3,1.000
758.6E-3,909.8E-3,800.5E-3,535.5E-3,1.000
776.2E-3,908.2E-3,795.9E-3,527.9E-3,1.000
794.3E-3,906.5E-3,791.2E-3,520.4E-3,1.000
812.8E-3,904.7E-3,786.4E-3,512.8E-3,1.000
831.8E-3,902.9E-3,781.4E-3,505.2E-3,1.000
851.1E-3,900.9E-3,776.3E-3,497.6E-3,1.000
871.0E-3,899.0E-3,771.1E-3,490.0E-3,1.000
891.3E-3,896.9E-3,765.7E-3,482.4E-3,1.000
912.0E-3,894.7E-3,760.2E-3,474.8E-3,1.000
933.3E-3,892.5E-3,754.6E-3,467.3E-3,1.000
955.0E-3,890.2E-3,748.8E-3,459.7E-3,1.000
977.2E-3,887.7E-3,743.0E-3,452.2E-3,1.000
1.000,885.2E-3,736.9E-3,444.7E-3,1.000
1.023,882.6E-3,730.8E-3,437.2E-3,1.000
1.047,879.9E-3,724.5E-3,429.8E-3,1.000
1.072,877.1E-3,718.1E-3,422.4E-3,1.000
1.096,874.2E-3,711.5E-3,415.1E-3,1.000
1.122,871.2E-3,704.9E-3,407.8E-3,1.000
1.148,868.0E-3,698.1E-3,400.5E-3,1.000
1.175,864.8E-3,691.2E-3,393.4E-3,1.000
1.202,861.5E-3,684.2E-3,386.3E-3,1.000
1.230,858.0E-3,677.1E-3,379.2E-3,1.000
1.259,854.4E-3,669.9E-3,372.2E-3,1.000
1.288,850.7E-3,662.6E-3,365.3E-3,1.000
1.318,846.9E-3,655.2E-3,358.4E-3,1.000
1.349,842.9E-3,647.7E-3,351.7E-3,1.000
1.380,838.8E-3,640.1E-3,345.0E-3,1.000
1.413,834.6E-3,632.5E-3,338.4E-3,1.000
1.445,830.3E-3,624.8E-3,331.8E-3,1.000
1.479,825.8E-3,617.0E-3,325.4E-3,1.000
1.514,821.2E-3,609.1E-3,319.0E-3,1.000
1.549,816.4E-3,601.2E-3,312.7E-3,1.000
1.585,811.5E-3,593.2E-3,306.5E-3,1.000
1.622,806.5E-3,585.2E-3,300.4E-3,1.000
1.660,801.3E-3,577.2E-3,294.4E-3,1.000
1.698,796.0E-3,569.1E-3,288.4E-3,1.000
1.738,790.6E-3,561.0E-3,282.6E-3,1.000
1.778,785.0E-3,552.9E-3,276.8E-3,1.000
1.820,779.3E-3,544.7E-3,271.2E-3,1.000
1.862,773.5E-3,536.6E-3,265.6E-3,1.000
1.905,767.5E-3,528.4E-3,260.1E-3,1.000
1.950,761.3E-3,520.2E-3,254.7E-3,1.000
1.995,755.1E-3,512.1E-3,249.4E-3,1.000
2.042,748.7E-3,504.0E-3,244.2E-3,1.000
2.089,742.2E-3,495.8E-3,239.1E-3,1.000
2.138,735.5E-3,487.8E-3,234.1E-3,1.000
2.188,728.8E-3,479.7E-3,229.1E-3,1.000
2.239,721.9E-3,471.7E-3,224.3E-3,1.000
2.291,714.8E-3,463.7E-3,219.5E-3,1.000
2.344,707.7E-3,455.7E-3,214.8E-3,1.000
2.399,700.5E-3,447.8E-3,210.2E-3,1.000
2.455,693.1E-3,440.0E-3,205.7E-3,1.000
2.512,685.7E-3,432.2E-3,201.3E-3,1.000
2.570,678.1E-3,424.5E-3,197.0E-3,1.000
2.630,670.5E-3,416.8E-3,192.7E-3,1.000
2.692,662.7E-3,409.2E-3,188.5E-3,1.000
2.754,654.9E-3,401.7E-3,184.4E-3,1.000
2.818,647.0E-3,394.2E-3,180.4E-3,1.000
2.884,639.0E-3,386.9E-3,176.5E-3,1.000
2.951,631.0E-3,379.6E-3,172.6E-3,1.000
3.020,622.9E-3,372.4E-3,168.9E-3,1.000
3.090,614.7E-3,365.2E-3,165.2E-3,1.000
3.162,606.5E-3,358.2E-3,161.5E-3,1.000
3.236,598.3E-3,351.2E-3,158.0E-3,1.000
3.311,590.0E-3,344.4E-3,154.5E-3,1.000
3.388,581.6E-3,337.6E-3,151.1E-3,1.000
3.467,573.3E-3,330.9E-3,147.8E-3,1.000
3.548,564.9E-3,324.3E-3,144.5E-3,1.000
3.631,556.5E-3,317.8E-3,141.3E-3,1.000
3.715,548.2E-3,311.4E-3,138.2E-3,1.000
3.802,539.8E-3,305.1E-3,135.1E-3,1.000
3.890,531.4E-3,298.9E-3,132.1E-3,1.000
3.981,523.0E-3,292.8E-3,129.2E-3,1.000
4.074,514.6E-3,286.8E-3,126.3E-3,1.000
4.169,506.3E-3,280.9E-3,123.5E-3,1.000
4.266,498.0E-3,275.1E-3,120.7E-3,1.000
4.365,489.7E-3,269.4E-3,118.0E-3,1.000
4.467,481.5E-3,263.7E-3,115.4E-3,1.000
4.571,473.3E-3,258.2E-3,112.8E-3,1.000
4.677,465.1E-3,252.8E-3,110.3E-3,1.000
4.786,457.0E-3,247.4E-3,107.8E-3,1.000
4.898,449.0E-3,242.2E-3,105.4E-3,1.000
5.012,441.0E-3,237.1E-3,103.0E-3,1.000
5.129,433.1E-3,232.0E-3,100.7E-3,1.000
5.248,425.2E-3,227.1E-3,98.46E-3,1.000
5.370,417.5E-3,222.2E-3,96.25E-3,1.000
5.495,409.8E-3,217.4E-3,94.09E-3,1.000
5.623,402.1E-3,212.7E-3,91.97E-3,1.000
5.754,394.6E-3,208.1E-3,89.90E-3,1.000
5.888,387.1E-3,203.6E-3,87.87E-3,1.000
6.026,379.7E-3,199.2E-3,85.89E-3,1.000
6.166,372.4E-3,194.9E-3,83.96E-3,1.000
6.310,365.2E-3,190.6E-3,82.06E-3,1.000
6.457,358.1E-3,186.5E-3,80.21E-3,1.000
6.607,351.1E-3,182.4E-3,78.40E-3,1.000
6.761,344.2E-3,178.4E-3,76.63E-3,1.000
6.918,337.4E-3,174.5E-3,74.90E-3,1.000
7.079,330.6E-3,170.7E-3,73.21E-3,1.000
7.244,324.0E-3,166.9E-3,71.55E-3,1.000
7.413,317.5E-3,163.2E-3,69.94E-3,1.000
7.586,311.0E-3,159.6E-3,68.36E-3,1.000
7.762,304.7E-3,156.1E-3,66.81E-3,1.000
7.943,298.4E-3,152.7E-3,65.30E-3,1.000
8.128,292.3E-3,149.3E-3,63.82E-3,1.000
8.318,286.3E-3,146.0E-3,62.37E-3,1.000
8.511,280.3E-3,142.7E-3,60.96E-3,1.000
8.710,274.5E-3,139.5E-3,59.58E-3,1.000
8.913,268.7E-3,136.4E-3,58.23E-3,1.000
9.120,263.1E-3,133.4E-3,56.91E-3,1.000
9.333,257.6E-3,130.4E-3,55.62E-3,1.000
9.550,252.1E-3,127.5E-3,54.36E-3,1.000
9.772,246.8E-3,124.7E-3,53.13E-3,1.000
10.00,241.5E-3,121.9E-3,51.92E-3,1.000
10.23,236.4E-3,119.1E-3,50.75E-3,1.000
10.47,231.3E-3,116.5E-3,49.59E-3,1.000
10.72,226.4E-3,113.9E-3,48.47E-3,1.000
10.96,221.5E-3,111.3E-3,47.37E-3,1.000
11.22,216.7E-3,108.8E-3,46.29E-3,1.000
11.48,212.0E-3,106.4E-3,45.24E-3,1.000
11.75,207.4E-3,104.0E-3,44.22E-3,1.000
12.02,202.9E-3,101.6E-3,43.21E-3,1.000
12.30,198.5E-3,99.36E-3,42.23E-3,1.000
12.59,194.2E-3,97.12E-3,41.27E-3,1.000
12.88,190.0E-3,94.94E-3,40.33E-3,1.000
13.18,185.8E-3,92.80E-3,39.42E-3,1.000
13.49,181.7E-3,90.71E-3,38.52E-3,1.000
13.80,177.7E-3,88.66E-3,37.65E-3,1.000
14.13,173.8E-3,86.66E-3,36.79E-3,1.000
14.45,170.0E-3,84.70E-3,35.96E-3,1.000
14.79,166.3E-3,82.79E-3,35.14E-3,1.000
15.14,162.6E-3,80.92E-3,34.34E-3,1.000
15.49,159.0E-3,79.09E-3,33.56E-3,1.000
15.85,155.5E-3,77.31E-3,32.80E-3,1.000
16.22,152.0E-3,75.56E-3,32.05E-3,1.000
16.60,148.6E-3,73.85E-3,31.32E-3,1.000
16.98,145.3E-3,72.18E-3,30.61E-3,1.000
17.38,142.1E-3,70.55E-3,29.92E-3,1.000
17.78,138.9E-3,68.95E-3,29.24E-3,1.000
18.20,135.9E-3,67.39E-3,28.57E-3,1.000
18.62,132.8E-3,65.86E-3,27.92E-3,1.000
19.05,129.9E-3,64.37E-3,27.29E-3,1.000
19.50,127.0E-3,62.91E-3,26.67E-3,1.000
19.95,124.1E-3,61.49E-3,26.06E-3,1.000
20.42,121.3E-3,60.09E-3,25.47E-3,1.000
20.89,118.6E-3,58.73E-3,24.89E-3,1.000
21.38,116.0E-3,57.40E-3,24.32E-3,1.000
21.88,113.4E-3,56.10E-3,23.77E-3,1.000
22.39,110.8E-3,54.83E-3,23.23E-3,1.000
22.91,108.3E-3,53.58E-3,22.70E-3,1.000
23.44,105.9E-3,52.37E-3,22.18E-3,1.000
23.99,103.5E-3,51.18E-3,21.68E-3,1.000
24.55,101.2E-3,50.02E-3,21.18E-3,1.000
25.12,98.90E-3,48.88E-3,20.70E-3,1.000
25.70,96.67E-3,47.77E-3,20.23E-3,1.000
26.30,94.50E-3,46.69E-3,19.77E-3,1.000
26.92,92.37E-3,45.63E-3,19.32E-3,1.000
27.54,90.28E-3,44.59E-3,18.88E-3,1.000
28.18,88.24E-3,43.58E-3,18.45E-3,1.000
28.84,86.25E-3,42.59E-3,18.03E-3,1.000
29.51,84.31E-3,41.62E-3,17.62E-3,1.000
30.20,82.40E-3,40.68E-3,17.22E-3,1.000
30.90,80.54E-3,39.75E-3,16.83E-3,1.000
31.62,78.72E-3,38.85E-3,16.45E-3,1.000
32.36,76.94E-3,37.97E-3,16.07E-3,1.000
33.11,75.20E-3,37.10E-3,15.71E-3,1.000
33.88,73.50E-3,36.26E-3,15.35E-3,1.000
34.67,71.83E-3,35.43E-3,15.00E-3,1.000
35.48,70.21E-3,34.63E-3,14.66E-3,1.000
36.31,68.62E-3,33.84E-3,14.33E-3,1.000
37.15,67.06E-3,33.07E-3,14.00E-3,1.000
38.02,65.55E-3,32.32E-3,13.68E-3,1.000
38.90,64.06E-3,31.59E-3,13.37E-3,1.000
39.81,62.61E-3,30.87E-3,13.06E-3,1.000
40.74,61.19E-3,30.17E-3,12.77E-3,1.000
41.69,59.80E-3,29.48E-3,12.48E-3,1.000
42.66,58.45E-3,28.81E-3,12.19E-3,1.000
43.65,57.12E-3,28.15E-3,11.92E-3,1.000
44.67,55.82E-3,27.51E-3,11.64E-3,1.000
45.71,54.56E-3,26.89E-3,11.38E-3,1.000
46.77,53.32E-3,26.28E-3,11.12E-3,1.000
47.86,52.11E-3,25.68E-3,10.87E-3,1.000
48.98,50.93E-3,25.10E-3,10.62E-3,1.000
50.12,49.77E-3,24.52E-3,10.38E-3,1.000
51.29,48.64E-3,23.97E-3,10.14E-3,1.000
52.48,47.54E-3,23.42E-3,9.911E-3,1.000
53.70,46.46E-3,22.89E-3,9.686E-3,1.000
54.95,45.40E-3,22.37E-3,9.465E-3,1.000
56.23,44.37E-3,21.86E-3,9.250E-3,1.000
57.54,43.36E-3,21.36E-3,9.039E-3,1.000
58.88,42.38E-3,20.88E-3,8.834E-3,1.000
60.26,41.42E-3,20.40E-3,8.632E-3,1.000
61.66,40.48E-3,19.94E-3,8.436E-3,1.000
63.10,39.56E-3,19.48E-3,8.244E-3,1.000
64.57,38.66E-3,19.04E-3,8.056E-3,1.000
66.07,37.78E-3,18.61E-3,7.873E-3,1.000
67.61,36.92E-3,18.18E-3,7.694E-3,1.000
69.18,36.08E-3,17.77E-3,7.519E-3,1.000
70.79,35.26E-3,17.37E-3,7.348E-3,1.000
72.44,34.46E-3,16.97E-3,7.180E-3,1.000
74.13,33.68E-3,16.58E-3,7.017E-3,1.000
75.86,32.91E-3,16.21E-3,6.857E-3,1.000
77.62,32.16E-3,15.84E-3,6.701E-3,1.000
79.43,31.43E-3,15.48E-3,6.549E-3,1.000
81.28,30.72E-3,15.13E-3,6.399E-3,1.000
83.18,30.02E-3,14.78E-3,6.254E-3,1.000
85.11,29.33E-3,14.44E-3,6.111E-3,1.000
87.10,28.67E-3,14.12E-3,5.972E-3,1.000
89.13,28.02E-3,13.79E-3,5.836E-3,1.000
91.20,27.38E-3,13.48E-3,5.704E-3,1.000
93.33,26.76E-3,13.17E-3,5.574E-3,1.000
95.50,26.15E-3,12.87E-3,5.447E-3,1.000
97.72,25.55E-3,12.58E-3,5.323E-3,1.000
100.0,24.97E-3,12.29E-3,5.202E-3,1.000
102.3,24.40E-3,12.01E-3,5.083E-3,1.000
104.7,23.85E-3,11.74E-3,4.968E-3,1.000
107.2,23.31E-3,11.47E-3,4.855E-3,1.000
109.6,22.78E-3,11.21E-3,4.744E-3,1.000
112.2,22.26E-3,10.96E-3,4.636E-3,1.000
114.8,21.75E-3,10.71E-3,4.531E-3,1.000
117.5,21.26E-3,10.46E-3,4.427E-3,1.000
120.2,20.77E-3,10.23E-3,4.327E-3,1.000
123.0,20.30E-3,9.994E-3,4.228E-3,1.000
125.9,19.84E-3,9.766E-3,4.132E-3,1.000
128.8,19.39E-3,9.544E-3,4.038E-3,1.000
131.8,18.95E-3,9.327E-3,3.946E-3,1.000
134.9,18.51E-3,9.114E-3,3.856E-3,1.000
138.0,18.09E-3,8.907E-3,3.768E-3,1.000
141.3,17.68E-3,8.704E-3,3.683E-3,1.000
144.5,17.28E-3,8.506E-3,3.599E-3,1.000
147.9,16.89E-3,8.313E-3,3.517E-3,1.000
151.4,16.50E-3,8.123E-3,3.437E-3,1.000
154.9,16.13E-3,7.938E-3,3.359E-3,1.000
158.5,15.76E-3,7.758E-3,3.282E-3,1.000
162.2,15.40E-3,7.581E-3,3.207E-3,1.000
166.0,15.05E-3,7.409E-3,3.134E-3,1.000
169.8,14.71E-3,7.240E-3,3.063E-3,1.000
173.8,14.37E-3,7.075E-3,2.993E-3,1.000
177.8,14.05E-3,6.914E-3,2.925E-3,1.000
182.0,13.73E-3,6.757E-3,2.859E-3,1.000
186.2,13.41E-3,6.603E-3,2.794E-3,1.000
190.5,13.11E-3,6.453E-3,2.730E-3,1.000
195.0,12.81E-3,6.306E-3,2.668E-3,1.000
199.5,12.52E-3,6.162E-3,2.607E-3,1.000
204.2,12.23E-3,6.022E-3,2.548E-3,1.000
208.9,11.96E-3,5.885E-3,2.490E-3,1.000
213.8,11.68E-3,5.751E-3,2.433E-3,1.000
218.8,11.42E-3,5.620E-3,2.378E-3,1.000
223.9,11.16E-3,5.492E-3,2.324E-3,1.000
229.1,10.90E-3,5.367E-3,2.271E-3,1.000
234.4,10.66E-3,5.245E-3,2.219E-3,1.000
239.9,10.41E-3,5.126E-3,2.168E-3,1.000
245.5,10.18E-3,5.009E-3,2.119E-3,1.000
251.2,9.944E-3,4.895E-3,2.071E-3,1.000
257.0,9.718E-3,4.784E-3,2.024E-3,1.000
263.0,9.496E-3,4.675E-3,1.978E-3,1.000
269.2,9.280E-3,4.568E-3,1.933E-3,1.000
275.4,9.069E-3,4.464E-3,1.889E-3,1.000
281.8,8.863E-3,4.363E-3,1.846E-3,1.000
288.4,8.661E-3,4.263E-3,1.804E-3,1.000
295.1,8.464E-3,4.166E-3,1.763E-3,1.000
302.0,8.271E-3,4.071E-3,1.722E-3,1.000
309.0,8.083E-3,3.979E-3,1.683E-3,1.000
316.2,7.899E-3,3.888E-3,1.645E-3,1.000
323.6,7.719E-3,3.800E-3,1.608E-3,1.000
331.1,7.543E-3,3.713E-3,1.571E-3,1.000
338.8,7.372E-3,3.629E-3,1.535E-3,1.000
346.7,7.204E-3,3.546E-3,1.500E-3,1.000
354.8,7.040E-3,3.465E-3,1.466E-3,1.000
363.1,6.880E-3,3.387E-3,1.433E-3,1.000
371.5,6.723E-3,3.309E-3,1.400E-3,1.000
380.2,6.570E-3,3.234E-3,1.368E-3,1.000
389.0,6.421E-3,3.160E-3,1.337E-3,1.000
398.1,6.274E-3,3.089E-3,1.307E-3,1.000
407.4,6.132E-3,3.018E-3,1.277E-3,1.000
416.9,5.992E-3,2.950E-3,1.248E-3,1.000
426.6,5.856E-3,2.882E-3,1.219E-3,1.000
436.5,5.722E-3,2.817E-3,1.192E-3,1.000
446.7,5.592E-3,2.753E-3,1.165E-3,1.000
457.1,5.465E-3,2.690E-3,1.138E-3,1.000
467.7,5.340E-3,2.629E-3,1.112E-3,1.000
478.6,5.219E-3,2.569E-3,1.087E-3,1.000
489.8,5.100E-3,2.510E-3,1.062E-3,1.000
501.2,4.984E-3,2.453E-3,1.038E-3,1.000
512.9,4.871E-3,2.397E-3,1.014E-3,1.000
524.8,4.760E-3,2.343E-3,991.2E-6,1.000
537.0,4.651E-3,2.290E-3,968.6E-6,1.000
549.5,4.545E-3,2.237E-3,946.6E-6,1.000
562.3,4.442E-3,2.187E-3,925.0E-6,1.000
575.4,4.341E-3,2.137E-3,904.0E-6,1.000
588.8,4.242E-3,2.088E-3,883.4E-6,1.000
602.6,4.146E-3,2.041E-3,863.3E-6,1.000
616.6,4.051E-3,1.994E-3,843.6E-6,1.000
631.0,3.959E-3,1.949E-3,824.4E-6,1.000
645.7,3.869E-3,1.904E-3,805.7E-6,1.000
660.7,3.781E-3,1.861E-3,787.3E-6,1.000
676.1,3.695E-3,1.819E-3,769.4E-6,1.000
691.8,3.611E-3,1.777E-3,751.9E-6,1.000
707.9,3.528E-3,1.737E-3,734.8E-6,1.000
724.4,3.448E-3,1.697E-3,718.1E-6,1.000
741.3,3.370E-3,1.659E-3,701.7E-6,1.000
758.6,3.293E-3,1.621E-3,685.7E-6,1.000
776.2,3.218E-3,1.584E-3,670.1E-6,1.000
794.3,3.145E-3,1.548E-3,654.9E-6,1.000
812.8,3.073E-3,1.513E-3,640.0E-6,1.000
831.8,3.003E-3,1.478E-3,625.4E-6,1.000
851.1,2.935E-3,1.445E-3,611.2E-6,1.000
871.0,2.868E-3,1.412E-3,597.3E-6,1.000
891.3,2.803E-3,1.380E-3,583.7E-6,1.000
912.0,2.739E-3,1.348E-3,570.4E-6,1.000
933.3,2.677E-3,1.318E-3,557.4E-6,1.000
955.0,2.616E-3,1.288E-3,544.7E-6,1.000
977.2,2.556E-3,1.258E-3,532.3E-6,1.000
1.000E3,2.498E-3,1.230E-3,520.2E-6,1.000
1.023E3,2.441E-3,1.202E-3,508.3E-6,1.000
1.047E3,2.386E-3,1.174E-3,496.8E-6,1.000
1.072E3,2.331E-3,1.148E-3,485.5E-6,1.000
1.096E3,2.278E-3,1.121E-3,474.4E-6,1.000
1.122E3,2.226E-3,1.096E-3,463.6E-6,1.000
1.148E3,2.176E-3,1.071E-3,453.1E-6,1.000
1.175E3,2.126E-3,1.047E-3,442.7E-6,1.000
1.202E3,2.078E-3,1.023E-3,432.7E-6,1.000
1.230E3,2.030E-3,999.4E-6,422.8E-6,1.000
1.259E3,1.984E-3,976.7E-6,413.2E-6,1.000
1.288E3,1.939E-3,954.5E-6,403.8E-6,1.000
1.318E3,1.895E-3,932.7E-6,394.6E-6,1.000
1.349E3,1.852E-3,911.5E-6,385.6E-6,1.000
1.380E3,1.810E-3,890.7E-6,376.8E-6,1.000
1.413E3,1.768E-3,870.5E-6,368.3E-6,1.000
1.445E3,1.728E-3,850.7E-6,359.9E-6,1.000
1.479E3,1.689E-3,831.3E-6,351.7E-6,1.000
1.514E3,1.650E-3,812.4E-6,343.7E-6,1.000
1.549E3,1.613E-3,793.9E-6,335.9E-6,1.000
1.585E3,1.576E-3,775.8E-6,328.2E-6,1.000
1.622E3,1.540E-3,758.1E-6,320.7E-6,1.000
1.660E3,1.505E-3,740.9E-6,313.4E-6,1.000
1.698E3,1.471E-3,724.0E-6,306.3E-6,1.000
1.738E3,1.437E-3,707.5E-6,299.3E-6,1.000
1.778E3,1.405E-3,691.4E-6,292.5E-6,1.000
1.820E3,1.373E-3,675.7E-6,285.9E-6,1.000
1.862E3,1.341E-3,660.3E-6,279.4E-6,1.000
1.905E3,1.311E-3,645.3E-6,273.0E-6,1.000
1.950E3,1.281E-3,630.6E-6,266.8E-6,1.000
1.995E3,1.252E-3,616.2E-6,260.7E-6,1.000
2.042E3,1.223E-3,602.2E-6,254.8E-6,1.000
2.089E3,1.196E-3,588.5E-6,249.0E-6,1.000
2.138E3,1.168E-3,575.1E-6,243.3E-6,1.000
2.188E3,1.142E-3,562.0E-6,237.8E-6,1.000
2.239E3,1.116E-3,549.2E-6,232.4E-6,1.000
2.291E3,1.090E-3,536.7E-6,227.1E-6,1.000
2.344E3,1.066E-3,524.5E-6,221.9E-6,1.000
2.399E3,1.041E-3,512.6E-6,216.9E-6,1.000
2.455E3,1.018E-3,500.9E-6,211.9E-6,1.000
2.512E3,994.5E-6,489.5E-6,207.1E-6,1.000
2.570E3,971.8E-6,478.4E-6,202.4E-6,1.000
2.630E3,949.7E-6,467.5E-6,197.8E-6,1.000
2.692E3,928.1E-6,456.8E-6,193.3E-6,1.000
2.754E3,907.0E-6,446.4E-6,188.9E-6,1.000
2.818E3,886.3E-6,436.3E-6,184.6E-6,1.000
2.884E3,866.1E-6,426.3E-6,180.4E-6,1.000
2.951E3,846.4E-6,416.6E-6,176.3E-6,1.000
3.020E3,827.2E-6,407.2E-6,172.3E-6,1.000
3.090E3,808.3E-6,397.9E-6,168.3E-6,1.000
3.162E3,789.9E-6,388.8E-6,164.5E-6,1.000
3.236E3,771.9E-6,380.0E-6,160.8E-6,1.000
3.311E3,754.4E-6,371.3E-6,157.1E-6,1.000
3.388E3,737.2E-6,362.9E-6,153.5E-6,1.000
3.467E3,720.4E-6,354.6E-6,150.0E-6,1.000
3.548E3,704.0E-6,346.5E-6,146.6E-6,1.000
3.631E3,688.0E-6,338.7E-6,143.3E-6,1.000
3.715E3,672.3E-6,330.9E-6,140.0E-6,1.000
3.802E3,657.0E-6,323.4E-6,136.8E-6,1.000
3.890E3,642.1E-6,316.0E-6,133.7E-6,1.000
3.981E3,627.5E-6,308.9E-6,130.7E-6,1.000
4.074E3,613.2E-6,301.8E-6,127.7E-6,1.000
4.169E3,599.2E-6,295.0E-6,124.8E-6,1.000
4.266E3,585.6E-6,288.2E-6,121.9E-6,1.000
4.365E3,572.2E-6,281.7E-6,119.2E-6,1.000
4.467E3,559.2E-6,275.3E-6,116.5E-6,1.000
4.571E3,546.5E-6,269.0E-6,113.8E-6,1.000
4.677E3,534.1E-6,262.9E-6,111.2E-6,1.000
4.786E3,521.9E-6,256.9E-6,108.7E-6,1.000
4.898E3,510.0E-6,251.0E-6,106.2E-6,1.000
5.012E3,498.4E-6,245.3E-6,103.8E-6,1.000
5.129E3,487.1E-6,239.7E-6,101.4E-6,1.000
5.248E3,476.0E-6,234.3E-6,99.12E-6,1.000
5.370E3,465.1E-6,229.0E-6,96.87E-6,1.000
5.495E3,454.6E-6,223.7E-6,94.66E-6,1.000
5.623E3,444.2E-6,218.7E-6,92.51E-6,1.000
5.754E3,434.1E-6,213.7E-6,90.40E-6,1.000
5.888E3,424.2E-6,208.8E-6,88.34E-6,1.000
6.026E3,414.6E-6,204.1E-6,86.33E-6,1.000
6.166E3,405.1E-6,199.4E-6,84.37E-6,1.000
6.310E3,395.9E-6,194.9E-6,82.45E-6,1.000
6.457E3,386.9E-6,190.4E-6,80.57E-6,1.000
6.607E3,378.1E-6,186.1E-6,78.74E-6,1.000
6.761E3,369.5E-6,181.9E-6,76.95E-6,1.000
6.918E3,361.1E-6,177.7E-6,75.19E-6,1.000
7.079E3,352.8E-6,173.7E-6,73.48E-6,1.000
7.244E3,344.8E-6,169.7E-6,71.81E-6,1.000
7.413E3,337.0E-6,165.9E-6,70.18E-6,1.000
7.586E3,329.3E-6,162.1E-6,68.58E-6,1.000
7.762E3,321.8E-6,158.4E-6,67.02E-6,1.000
7.943E3,314.5E-6,154.8E-6,65.49E-6,1.000
8.128E3,307.3E-6,151.3E-6,64.00E-6,1.000
8.318E3,300.3E-6,147.8E-6,62.55E-6,1.000
8.511E3,293.5E-6,144.5E-6,61.12E-6,1.000
8.710E3,286.8E-6,141.2E-6,59.73E-6,1.000
8.913E3,280.3E-6,138.0E-6,58.37E-6,1.000
9.120E3,273.9E-6,134.8E-6,57.04E-6,1.000
9.333E3,267.7E-6,131.8E-6,55.74E-6,1.000
9.550E3,261.6E-6,128.8E-6,54.48E-6,1.000
9.772E3,255.6E-6,125.8E-6,53.24E-6,1.000
10.00E3,249.8E-6,123.0E-6,52.02E-6,1.000
10.23E3,244.1E-6,120.2E-6,50.84E-6,1.000
10.47E3,238.5E-6,117.4E-6,49.68E-6,1.000
10.72E3,233.1E-6,114.8E-6,48.55E-6,1.000
10.96E3,227.8E-6,112.1E-6,47.45E-6,1.000
11.22E3,222.6E-6,109.6E-6,46.37E-6,1.000
11.48E3,217.6E-6,107.1E-6,45.31E-6,1.000
11.75E3,212.6E-6,104.7E-6,44.28E-6,1.000
12.02E3,207.8E-6,102.3E-6,43.27E-6,1.000
12.30E3,203.0E-6,99.95E-6,42.29E-6,1.000
12.59E3,198.4E-6,97.67E-6,41.33E-6,1.000
12.88E3,193.9E-6,95.45E-6,40.39E-6,1.000
13.18E3,189.5E-6,93.28E-6,39.47E-6,1.000
13.49E3,185.2E-6,91.15E-6,38.57E-6,1.000
13.80E3,181.0E-6,89.08E-6,37.69E-6,1.000
14.13E3,176.8E-6,87.05E-6,36.84E-6,1.000
14.45E3,172.8E-6,85.07E-6,36.00E-6,1.000
14.79E3,168.9E-6,83.13E-6,35.18E-6,1.000
15.14E3,165.0E-6,81.24E-6,34.38E-6,1.000
15.49E3,161.3E-6,79.39E-6,33.60E-6,1.000
15.85E3,157.6E-6,77.59E-6,32.83E-6,1.000
16.22E3,154.0E-6,75.82E-6,32.08E-6,1.000
16.60E3,150.5E-6,74.09E-6,31.35E-6,1.000
16.98E3,147.1E-6,72.41E-6,30.64E-6,1.000
17.38E3,143.7E-6,70.76E-6,29.94E-6,1.000
17.78E3,140.5E-6,69.15E-6,29.26E-6,1.000
18.20E3,137.3E-6,67.58E-6,28.60E-6,1.000
18.62E3,134.1E-6,66.04E-6,27.95E-6,1.000
19.05E3,131.1E-6,64.53E-6,27.31E-6,1.000
19.50E3,128.1E-6,63.07E-6,26.69E-6,1.000
19.95E3,125.2E-6,61.63E-6,26.08E-6,1.000
20.42E3,122.3E-6,60.23E-6,25.49E-6,1.000
20.89E3,119.6E-6,58.86E-6,24.91E-6,1.000
21.38E3,116.8E-6,57.52E-6,24.34E-6,1.000
21.88E3,114.2E-6,56.21E-6,23.79E-6,1.000
22.39E3,111.6E-6,54.93E-6,23.25E-6,1.000
22.91E3,109.0E-6,53.68E-6,22.72E-6,1.000
23.44E3,106.6E-6,52.46E-6,22.20E-6,1.000
23.99E3,104.1E-6,51.26E-6,21.70E-6,1.000
24.55E3,101.8E-6,50.10E-6,21.21E-6,1.000
25.12E3,99.44E-6,48.96E-6,20.72E-6,1.000
25.70E3,97.17E-6,47.84E-6,20.25E-6,1.000
26.30E3,94.96E-6,46.75E-6,19.79E-6,1.000
26.92E3,92.80E-6,45.69E-6,19.34E-6,1.000
27.54E3,90.69E-6,44.65E-6,18.90E-6,1.000
28.18E3,88.62E-6,43.63E-6,18.47E-6,1.000
28.84E3,86.60E-6,42.64E-6,18.05E-6,1.000
29.51E3,84.63E-6,41.67E-6,17.64E-6,1.000
30.20E3,82.71E-6,40.72E-6,17.24E-6,1.000
30.90E3,80.82E-6,39.80E-6,16.85E-6,1.000
31.62E3,78.98E-6,38.89E-6,16.47E-6,1.000
32.36E3,77.18E-6,38.01E-6,16.10E-6,1.000
33.11E3,75.43E-6,37.14E-6,15.73E-6,1.000
33.88E3,73.71E-6,36.30E-6,15.37E-6,1.000
34.67E3,72.03E-6,35.47E-6,15.02E-6,1.000
35.48E3,70.39E-6,34.66E-6,14.68E-6,1.000
36.31E3,68.79E-6,33.88E-6,14.35E-6,1.000
37.15E3,67.22E-6,33.11E-6,14.02E-6,1.000
38.02E3,65.69E-6,32.35E-6,13.71E-6,1.000
38.90E3,64.20E-6,31.62E-6,13.40E-6,1.000
39.81E3,62.73E-6,30.90E-6,13.09E-6,1.000
40.74E3,61.30E-6,30.19E-6,12.79E-6,1.000
41.69E3,59.91E-6,29.51E-6,12.50E-6,1.000
42.66E3,58.54E-6,28.84E-6,12.22E-6,1.000
43.65E3,57.21E-6,28.18E-6,11.94E-6,1.000
44.67E3,55.91E-6,27.54E-6,11.67E-6,1.000
45.71E3,54.63E-6,26.91E-6,11.41E-6,1.000
46.77E3,53.39E-6,26.30E-6,11.15E-6,1.000
47.86E3,52.17E-6,25.70E-6,10.90E-6,1.000
48.98E3,50.99E-6,25.12E-6,10.65E-6,1.000
50.12E3,49.82E-6,24.55E-6,10.41E-6,1.000
51.29E3,48.69E-6,23.99E-6,10.17E-6,1.000
52.48E3,47.58E-6,23.44E-6,9.945E-6,1.000
53.70E3,46.50E-6,22.91E-6,9.720E-6,1.000
54.95E3,45.44E-6,22.39E-6,9.500E-6,1.000
56.23E3,44.40E-6,21.88E-6,9.286E-6,1.000
57.54E3,43.39E-6,21.38E-6,9.076E-6,1.000
58.88E3,42.40E-6,20.90E-6,8.871E-6,1.000
60.26E3,41.44E-6,20.42E-6,8.671E-6,1.000
61.66E3,40.49E-6,19.96E-6,8.475E-6,1.000
63.10E3,39.57E-6,19.51E-6,8.284E-6,1.000
64.57E3,38.67E-6,19.06E-6,8.097E-6,1.000
66.07E3,37.79E-6,18.63E-6,7.915E-6,1.000
67.61E3,36.93E-6,18.21E-6,7.737E-6,1.000
69.18E3,36.08E-6,17.79E-6,7.562E-6,1.000
70.79E3,35.26E-6,17.39E-6,7.392E-6,1.000
72.44E3,34.46E-6,16.99E-6,7.226E-6,1.000
74.13E3,33.67E-6,16.61E-6,7.064E-6,1.000
75.86E3,32.91E-6,16.23E-6,6.905E-6,1.000
77.62E3,32.16E-6,15.86E-6,6.750E-6,1.000
79.43E3,31.42E-6,15.50E-6,6.599E-6,1.000
81.28E3,30.71E-6,15.15E-6,6.451E-6,1.000
83.18E3,30.01E-6,14.81E-6,6.306E-6,1.000
85.11E3,29.32E-6,14.47E-6,6.165E-6,1.000
87.10E3,28.65E-6,14.14E-6,6.027E-6,1.000
89.13E3,28.00E-6,13.82E-6,5.892E-6,1.000
91.20E3,27.36E-6,13.51E-6,5.761E-6,1.000
93.33E3,26.74E-6,13.20E-6,5.632E-6,1.000
95.50E3,26.13E-6,12.90E-6,5.507E-6,1.000
97.72E3,25.53E-6,12.61E-6,5.384E-6,1.000
100.0E3,24.95E-6,12.32E-6,5.264E-6,1.000
102.3E3,24.38E-6,12.05E-6,5.147E-6,1.000
104.7E3,23.82E-6,11.77E-6,5.033E-6,1.000
107.2E3,23.28E-6,11.51E-6,4.922E-6,1.000
109.6E3,22.75E-6,11.25E-6,4.813E-6,1.000
112.2E3,22.23E-6,10.99E-6,4.706E-6,1.000
114.8E3,21.72E-6,10.74E-6,4.602E-6,1.000
117.5E3,21.22E-6,10.50E-6,4.501E-6,1.000
120.2E3,20.74E-6,10.26E-6,4.402E-6,1.000
123.0E3,20.27E-6,10.03E-6,4.305E-6,1.000
125.9E3,19.80E-6,9.803E-6,4.211E-6,1.000
128.8E3,19.35E-6,9.581E-6,4.118E-6,1.000
131.8E3,18.91E-6,9.365E-6,4.028E-6,1.000
134.9E3,18.48E-6,9.154E-6,3.940E-6,1.000
138.0E3,18.05E-6,8.947E-6,3.855E-6,1.000
141.3E3,17.64E-6,8.745E-6,3.771E-6,1.000
144.5E3,17.24E-6,8.548E-6,3.689E-6,1.000
147.9E3,16.84E-6,8.355E-6,3.609E-6,1.000
151.4E3,16.46E-6,8.167E-6,3.531E-6,1.000
154.9E3,16.08E-6,7.983E-6,3.455E-6,1.000
158.5E3,15.71E-6,7.803E-6,3.381E-6,1.000
162.2E3,15.35E-6,7.628E-6,3.308E-6,1.000
166.0E3,15.00E-6,7.456E-6,3.238E-6,1.000
169.8E3,14.66E-6,7.289E-6,3.169E-6,1.000
173.8E3,14.32E-6,7.125E-6,3.101E-6,1.000
177.8E3,13.99E-6,6.965E-6,3.036E-6,1.000
182.0E3,13.67E-6,6.809E-6,2.972E-6,1.000
186.2E3,13.36E-6,6.657E-6,2.909E-6,1.000
190.5E3,13.05E-6,6.507E-6,2.848E-6,1.000
195.0E3,12.75E-6,6.362E-6,2.789E-6,1.000
199.5E3,12.46E-6,6.220E-6,2.731E-6,1.000
204.2E3,12.17E-6,6.081E-6,2.674E-6,1.000
208.9E3,11.89E-6,5.945E-6,2.619E-6,1.000
213.8E3,11.62E-6,5.812E-6,2.565E-6,1.000
218.8E3,11.35E-6,5.683E-6,2.513E-6,1.000
223.9E3,11.09E-6,5.556E-6,2.462E-6,1.000
229.1E3,10.84E-6,5.433E-6,2.412E-6,1.000
234.4E3,10.59E-6,5.312E-6,2.363E-6,1.000
239.9E3,10.34E-6,5.194E-6,2.316E-6,1.000
245.5E3,10.10E-6,5.079E-6,2.270E-6,1.000
251.2E3,9.871E-6,4.967E-6,2.225E-6,1.000
257.0E3,9.644E-6,4.857E-6,2.181E-6,1.000
263.0E3,9.421E-6,4.750E-6,2.139E-6,1.000
269.2E3,9.203E-6,4.645E-6,2.097E-6,1.000
275.4E3,8.991E-6,4.543E-6,2.057E-6,1.000
281.8E3,8.783E-6,4.444E-6,2.018E-6,1.000
288.4E3,8.580E-6,4.346E-6,1.979E-6,1.000
295.1E3,8.381E-6,4.251E-6,1.942E-6,1.000
302.0E3,8.187E-6,4.158E-6,1.906E-6,1.000
309.0E3,7.997E-6,4.067E-6,1.871E-6,1.000
316.2E3,7.812E-6,3.979E-6,1.836E-6,1.000
323.6E3,7.631E-6,3.893E-6,1.803E-6,1.000
331.1E3,7.453E-6,3.808E-6,1.771E-6,1.000
338.8E3,7.280E-6,3.726E-6,1.739E-6,1.000
346.7E3,7.111E-6,3.646E-6,1.709E-6,1.000
354.8E3,6.945E-6,3.567E-6,1.679E-6,1.000
363.1E3,6.784E-6,3.491E-6,1.650E-6,1.000
371.5E3,6.626E-6,3.416E-6,1.622E-6,1.000
380.2E3,6.471E-6,3.343E-6,1.595E-6,1.000
389.0E3,6.320E-6,3.272E-6,1.568E-6,1.000
398.1E3,6.173E-6,3.203E-6,1.543E-6,1.000
407.4E3,6.029E-6,3.135E-6,1.518E-6,1.000
416.9E3,5.888E-6,3.069E-6,1.494E-6,1.000
426.6E3,5.750E-6,3.005E-6,1.470E-6,1.000
436.5E3,5.616E-6,2.942E-6,1.448E-6,1.000
446.7E3,5.484E-6,2.881E-6,1.426E-6,1.000
457.1E3,5.356E-6,2.821E-6,1.405E-6,1.000
467.7E3,5.230E-6,2.763E-6,1.384E-6,1.000
478.6E3,5.108E-6,2.706E-6,1.364E-6,1.000
489.8E3,4.988E-6,2.651E-6,1.345E-6,1.000
501.2E3,4.871E-6,2.597E-6,1.326E-6,1.000
512.9E3,4.757E-6,2.544E-6,1.308E-6,1.000
524.8E3,4.645E-6,2.493E-6,1.291E-6,1.000
537.0E3,4.536E-6,2.443E-6,1.274E-6,1.000
549.5E3,4.430E-6,2.395E-6,1.258E-6,1.000
562.3E3,4.326E-6,2.347E-6,1.242E-6,1.000
575.4E3,4.224E-6,2.301E-6,1.227E-6,1.000
588.8E3,4.125E-6,2.256E-6,1.212E-6,1.000
602.6E3,4.029E-6,2.213E-6,1.198E-6,1.000
616.6E3,3.934E-6,2.170E-6,1.185E-6,1.000
631.0E3,3.842E-6,2.129E-6,1.172E-6,1.000
645.7E3,3.752E-6,2.088E-6,1.159E-6,1.000
660.7E3,3.664E-6,2.049E-6,1.147E-6,1.000
676.1E3,3.579E-6,2.011E-6,1.136E-6,1.000
691.8E3,3.495E-6,1.974E-6,1.124E-6,1.000
707.9E3,3.414E-6,1.938E-6,1.114E-6,1.000
724.4E3,3.335E-6,1.903E-6,1.103E-6,1.000
741.3E3,3.257E-6,1.869E-6,1.093E-6,1.000
758.6E3,3.182E-6,1.835E-6,1.084E-6,1.000
776.2E3,3.108E-6,1.803E-6,1.075E-6,1.000
794.3E3,3.037E-6,1.772E-6,1.066E-6,1.000
812.8E3,2.967E-6,1.742E-6,1.058E-6,1.000
831.8E3,2.899E-6,1.712E-6,1.050E-6,1.000
851.1E3,2.833E-6,1.683E-6,1.042E-6,1.000
871.0E3,2.769E-6,1.656E-6,1.035E-6,1.000
891.3E3,2.706E-6,1.629E-6,1.028E-6,1.000
912.0E3,2.645E-6,1.603E-6,1.021E-6,1.000
933.3E3,2.586E-6,1.577E-6,1.015E-6,1.000
955.0E3,2.528E-6,1.553E-6,1.008E-6,1.000
977.2E3,2.472E-6,1.529E-6,1.003E-6,1.000
1.000E6,2.418E-6,1.506E-6,997.1E-9,1.000
1.023E6,2.365E-6,1.483E-6,991.7E-9,1.000
1.047E6,2.313E-6,1.462E-6,986.7E-9,1.000
1.072E6,2.264E-6,1.441E-6,981.8E-9,1.000
1.096E6,2.215E-6,1.420E-6,977.3E-9,1.000
1.122E6,2.168E-6,1.401E-6,972.9E-9,1.000
1.148E6,2.123E-6,1.382E-6,968.7E-9,1.000
1.175E6,2.078E-6,1.363E-6,964.8E-9,1.000
1.202E6,2.035E-6,1.346E-6,961.0E-9,1.000
1.230E6,1.994E-6,1.328E-6,957.4E-9,1.000
1.259E6,1.954E-6,1.312E-6,954.0E-9,1.000
1.288E6,1.915E-6,1.296E-6,950.8E-9,1.000
1.318E6,1.877E-6,1.280E-6,947.7E-9,1.000
1.349E6,1.840E-6,1.265E-6,944.8E-9,1.000
1.380E6,1.805E-6,1.251E-6,942.0E-9,1.000
1.413E6,1.771E-6,1.237E-6,939.4E-9,1.000
1.445E6,1.738E-6,1.223E-6,936.9E-9,1.000
1.479E6,1.706E-6,1.211E-6,934.5E-9,1.000
1.514E6,1.675E-6,1.198E-6,932.3E-9,1.000
1.549E6,1.645E-6,1.186E-6,930.2E-9,1.000
1.585E6,1.616E-6,1.174E-6,928.2E-9,1.000
1.622E6,1.589E-6,1.163E-6,926.3E-9,1.000
1.660E6,1.562E-6,1.152E-6,924.5E-9,1.000
1.698E6,1.536E-6,1.142E-6,922.7E-9,1.000
1.738E6,1.511E-6,1.132E-6,921.1E-9,1.000
1.778E6,1.487E-6,1.123E-6,919.6E-9,1.000
1.820E6,1.464E-6,1.113E-6,918.1E-9,1.000
1.862E6,1.441E-6,1.104E-6,916.7E-9,1.000
1.905E6,1.420E-6,1.096E-6,915.4E-9,1.000
1.950E6,1.399E-6,1.088E-6,914.2E-9,1.000
1.995E6,1.379E-6,1.080E-6,913.0E-9,1.000
2.042E6,1.360E-6,1.072E-6,911.9E-9,1.000
2.089E6,1.341E-6,1.065E-6,910.9E-9,1.000
2.138E6,1.324E-6,1.058E-6,909.9E-9,1.000
2.188E6,1.307E-6,1.051E-6,908.9E-9,1.000
2.239E6,1.290E-6,1.045E-6,908.0E-9,1.000
2.291E6,1.274E-6,1.038E-6,907.2E-9,1.000
2.344E6,1.259E-6,1.032E-6,906.4E-9,1.000
2.399E6,1.244E-6,1.027E-6,905.6E-9,1.000
2.455E6,1.230E-6,1.021E-6,904.9E-9,1.000
2.512E6,1.217E-6,1.016E-6,904.2E-9,1.000
2.570E6,1.204E-6,1.011E-6,903.5E-9,1.000
2.630E6,1.192E-6,1.006E-6,902.9E-9,1.000
2.692E6,1.180E-6,1.001E-6,902.3E-9,1.000
2.754E6,1.168E-6,997.0E-9,901.8E-9,1.000
2.818E6,1.157E-6,992.8E-9,901.3E-9,1.000
2.884E6,1.147E-6,988.7E-9,900.8E-9,1.000
2.951E6,1.137E-6,984.8E-9,900.3E-9,1.000
3.020E6,1.127E-6,981.0E-9,899.9E-9,1.000
3.090E6,1.118E-6,977.4E-9,899.4E-9,1.000
3.162E6,1.109E-6,974.0E-9,899.0E-9,1.000
3.236E6,1.100E-6,970.7E-9,898.6E-9,1.000
3.311E6,1.092E-6,967.5E-9,898.3E-9,1.000
3.388E6,1.084E-6,964.5E-9,897.9E-9,1.000
3.467E6,1.077E-6,961.6E-9,897.6E-9,1.000
3.548E6,1.069E-6,958.8E-9,897.3E-9,1.000
3.631E6,1.063E-6,956.2E-9,897.0E-9,1.000
3.715E6,1.056E-6,953.6E-9,896.7E-9,1.000
3.802E6,1.050E-6,951.2E-9,896.4E-9,1.000
3.890E6,1.044E-6,948.9E-9,896.2E-9,1.000
3.981E6,1.038E-6,946.6E-9,896.0E-9,1.000
4.074E6,1.032E-6,944.5E-9,895.7E-9,1.000
4.169E6,1.027E-6,942.5E-9,895.5E-9,1.000
4.266E6,1.022E-6,940.5E-9,895.3E-9,1.000
4.365E6,1.017E-6,938.7E-9,895.1E-9,1.000
4.467E6,1.012E-6,936.9E-9,894.9E-9,1.000
4.571E6,1.008E-6,935.2E-9,894.7E-9,1.000
4.677E6,1.004E-6,933.5E-9,894.6E-9,1.000
4.786E6,999.5E-9,932.0E-9,894.4E-9,1.000
4.898E6,995.6E-9,930.5E-9,894.2E-9,1.000
5.012E6,991.9E-9,929.0E-9,894.1E-9,1.000
5.129E6,988.3E-9,927.7E-9,894.0E-9,1.000
5.248E6,984.9E-9,926.4E-9,893.8E-9,1.000
5.370E6,981.6E-9,925.1E-9,893.7E-9,1.000
5.495E6,978.5E-9,923.9E-9,893.6E-9,1.000
5.623E6,975.5E-9,922.8E-9,893.5E-9,1.000
5.754E6,972.7E-9,921.7E-9,893.4E-9,1.000
5.888E6,969.9E-9,920.7E-9,893.3E-9,1.000
6.026E6,967.3E-9,919.7E-9,893.2E-9,1.000
6.166E6,964.8E-9,918.7E-9,893.1E-9,1.000
6.310E6,962.4E-9,917.8E-9,893.0E-9,1.000
6.457E6,960.2E-9,916.9E-9,892.9E-9,1.000
6.607E6,958.0E-9,916.1E-9,892.8E-9,1.000
6.761E6,955.9E-9,915.3E-9,892.7E-9,1.000
6.918E6,953.9E-9,914.5E-9,892.7E-9,1.000
7.079E6,952.0E-9,913.8E-9,892.6E-9,1.000
7.244E6,950.2E-9,913.1E-9,892.5E-9,1.000
7.413E6,948.4E-9,912.5E-9,892.5E-9,1.000
7.586E6,946.8E-9,911.8E-9,892.4E-9,1.000
7.762E6,945.2E-9,911.2E-9,892.3E-9,1.000
7.943E6,943.7E-9,910.6E-9,892.3E-9,1.000
8.128E6,942.2E-9,910.1E-9,892.2E-9,1.000
8.318E6,940.8E-9,909.6E-9,892.2E-9,1.000
8.511E6,939.5E-9,909.1E-9,892.1E-9,1.000
8.710E6,938.2E-9,908.6E-9,892.1E-9,1.000
8.913E6,937.0E-9,908.1E-9,892.0E-9,1.000
9.120E6,935.9E-9,907.7E-9,892.0E-9,1.000
9.333E6,934.8E-9,907.3E-9,892.0E-9,1.000
9.550E6,933.7E-9,906.9E-9,891.9E-9,1.000
9.772E6,932.7E-9,906.5E-9,891.9E-9,1.000
10.00E6,931.8E-9,906.1E-9,891.8E-9,1.000
10.23E6,930.8E-9,905.8E-9,891.8E-9,1.000
10.47E6,930.0E-9,905.4E-9,891.8E-9,1.000
10.72E6,929.1E-9,905.1E-9,891.7E-9,1.000
10.96E6,928.3E-9,904.8E-9,891.7E-9,1.000
11.22E6,927.5E-9,904.5E-9,891.7E-9,1.000
11.48E6,926.8E-9,904.2E-9,891.7E-9,1.000
11.75E6,926.1E-9,904.0E-9,891.6E-9,1.000
12.02E6,925.4E-9,903.7E-9,891.6E-9,1.000
12.30E6,924.8E-9,903.5E-9,891.6E-9,1.000
12.59E6,924.2E-9,903.2E-9,891.6E-9,1.000
12.88E6,923.6E-9,903.0E-9,891.6E-9,1.000
13.18E6,923.1E-9,902.8E-9,891.5E-9,1.000
13.49E6,922.5E-9,902.6E-9,891.5E-9,1.000
13.80E6,922.0E-9,902.4E-9,891.5E-9,1.000
14.13E6,921.5E-9,902.2E-9,891.5E-9,1.000
14.45E6,921.1E-9,902.0E-9,891.5E-9,1.000
14.79E6,920.6E-9,901.9E-9,891.4E-9,1.000
15.14E6,920.2E-9,901.7E-9,891.4E-9,1.000
15.49E6,919.8E-9,901.6E-9,891.4E-9,1.000
15.85E6,919.4E-9,901.4E-9,891.4E-9,1.000
16.22E6,919.1E-9,901.3E-9,891.4E-9,1.000
16.60E6,918.7E-9,901.1E-9,891.4E-9,1.000
16.98E6,918.4E-9,901.0E-9,891.4E-9,1.000
17.38E6,918.0E-9,900.9E-9,891.4E-9,1.000
17.78E6,917.7E-9,900.8E-9,891.3E-9,1.000
18.20E6,917.4E-9,900.7E-9,891.3E-9,1.000
18.62E6,917.2E-9,900.6E-9,891.3E-9,1.000
19.05E6,916.9E-9,900.5E-9,891.3E-9,1.000
19.50E6,916.6E-9,900.4E-9,891.3E-9,1.000
19.95E6,916.4E-9,900.3E-9,891.3E-9,1.000
20.42E6,916.2E-9,900.2E-9,891.3E-9,1.000
20.89E6,915.9E-9,900.1E-9,891.3E-9,1.000
21.38E6,915.7E-9,900.0E-9,891.3E-9,1.000
21.88E6,915.5E-9,899.9E-9,891.3E-9,1.000
22.39E6,915.3E-9,899.9E-9,891.3E-9,1.000
22.91E6,915.2E-9,899.8E-9,891.3E-9,1.000
23.44E6,915.0E-9,899.7E-9,891.2E-9,1.000
23.99E6,914.8E-9,899.7E-9,891.2E-9,1.000
24.55E6,914.7E-9,899.6E-9,891.2E-9,1.000
25.12E6,914.5E-9,899.5E-9,891.2E-9,1.000
25.70E6,914.4E-9,899.5E-9,891.2E-9,1.000
26.30E6,914.2E-9,899.4E-9,891.2E-9,1.000
26.92E6,914.1E-9,899.4E-9,891.2E-9,1.000
27.54E6,914.0E-9,899.3E-9,891.2E-9,1.000
28.18E6,913.8E-9,899.3E-9,891.2E-9,1.000
28.84E6,913.7E-9,899.2E-9,891.2E-9,1.000
29.51E6,913.6E-9,899.2E-9,891.2E-9,1.000
30.20E6,913.5E-9,899.2E-9,891.2E-9,1.000
30.90E6,913.4E-9,899.1E-9,891.2E-9,1.000
31.62E6,913.3E-9,899.1E-9,891.2E-9,1.000
32.36E6,913.2E-9,899.1E-9,891.2E-9,1.000
33.11E6,913.1E-9,899.0E-9,891.2E-9,1.000
33.88E6,913.0E-9,899.0E-9,891.2E-9,1.000
34.67E6,913.0E-9,899.0E-9,891.2E-9,1.000
35.48E6,912.9E-9,898.9E-9,891.2E-9,1.000
36.31E6,912.8E-9,898.9E-9,891.2E-9,1.000
37.15E6,912.7E-9,898.9E-9,891.2E-9,1.000
38.02E6,912.7E-9,898.9E-9,891.2E-9,1.000
38.90E6,912.6E-9,898.8E-9,891.2E-9,1.000
39.81E6,912.5E-9,898.8E-9,891.2E-9,1.000
40.74E6,912.5E-9,898.8E-9,891.2E-9,1.000
41.69E6,912.4E-9,898.8E-9,891.2E-9,1.000
42.66E6,912.4E-9,898.7E-9,891.2E-9,1.000
43.65E6,912.3E-9,898.7E-9,891.2E-9,1.000
44.67E6,912.3E-9,898.7E-9,891.2E-9,1.000
45.71E6,912.2E-9,898.7E-9,891.2E-9,1.000
46.77E6,912.2E-9,898.7E-9,891.2E-9,1.000
47.86E6,912.2E-9,898.7E-9,891.2E-9,1.000
48.98E6,912.1E-9,898.6E-9,891.2E-9,1.000
50.12E6,912.1E-9,898.6E-9,891.2E-9,1.000
51.29E6,912.0E-9,898.6E-9,891.2E-9,1.000
52.48E6,912.0E-9,898.6E-9,891.2E-9,1.000
53.70E6,912.0E-9,898.6E-9,891.2E-9,1.000
54.95E6,912.0E-9,898.6E-9,891.2E-9,1.000
56.23E6,911.9E-9,898.6E-9,891.2E-9,1.000
57.54E6,911.9E-9,898.6E-9,891.2E-9,1.000
58.88E6,911.9E-9,898.6E-9,891.2E-9,1.000
60.26E6,911.8E-9,898.5E-9,891.2E-9,1.000
61.66E6,911.8E-9,898.5E-9,891.2E-9,1.000
63.10E6,911.8E-9,898.5E-9,891.2E-9,1.000
64.57E6,911.8E-9,898.5E-9,891.2E-9,1.000
66.07E6,911.8E-9,898.5E-9,891.2E-9,1.000
67.61E6,911.7E-9,898.5E-9,891.2E-9,1.000
69.18E6,911.7E-9,898.5E-9,891.2E-9,1.000
70.79E6,911.7E-9,898.5E-9,891.2E-9,1.000
72.44E6,911.7E-9,898.5E-9,891.2E-9,1.000
74.13E6,911.7E-9,898.5E-9,891.2E-9,1.000
75.86E6,911.7E-9,898.5E-9,891.2E-9,1.000
77.62E6,911.7E-9,898.5E-9,891.2E-9,1.000
79.43E6,911.7E-9,898.5E-9,891.2E-9,1.000
81.28E6,911.6E-9,898.5E-9,891.2E-9,1.000
83.18E6,911.6E-9,898.5E-9,891.2E-9,1.000
85.11E6,911.6E-9,898.5E-9,891.2E-9,1.000
87.10E6,911.6E-9,898.5E-9,891.2E-9,1.000
89.13E6,911.6E-9,898.5E-9,891.2E-9,1.000
91.20E6,911.6E-9,898.5E-9,891.2E-9,1.000
93.33E6,911.6E-9,898.5E-9,891.2E-9,1.000
95.50E6,911.6E-9,898.5E-9,891.2E-9,1.000
97.72E6,911.6E-9,898.5E-9,891.2E-9,1.000
100.0E6,911.6E-9,898.5E-9,891.2E-9,1.000
102.3E6,911.6E-9,898.5E-9,891.2E-9,1.000
104.7E6,911.6E-9,898.5E-9,891.2E-9,1.000
107.2E6,911.6E-9,898.5E-9,891.2E-9,1.000
109.6E6,911.6E-9,898.5E-9,891.2E-9,1.000
112.2E6,911.6E-9,898.5E-9,891.2E-9,1.000
114.8E6,911.6E-9,898.5E-9,891.2E-9,1.000
117.5E6,911.6E-9,898.5E-9,891.2E-9,1.000
120.2E6,911.6E-9,898.5E-9,891.2E-9,1.000
123.0E6,911.6E-9,898.5E-9,891.2E-9,1.000
125.9E6,911.6E-9,898.5E-9,891.2E-9,1.000
128.8E6,911.6E-9,898.5E-9,891.2E-9,1.000
131.8E6,911.6E-9,898.5E-9,891.2E-9,1.000
134.9E6,911.6E-9,898.5E-9,891.2E-9,1.000
138.0E6,911.6E-9,898.5E-9,891.2E-9,1.000
141.3E6,911.7E-9,898.5E-9,891.2E-9,1.000
144.5E6,911.7E-9,898.5E-9,891.2E-9,1.000
147.9E6,911.7E-9,898.5E-9,891.2E-9,1.000
151.4E6,911.7E-9,898.5E-9,891.2E-9,1.000
154.9E6,911.7E-9,898.5E-9,891.2E-9,1.000
158.5E6,911.7E-9,898.5E-9,891.2E-9,1.000
162.2E6,911.7E-9,898.5E-9,891.2E-9,1.000
166.0E6,911.8E-9,898.5E-9,891.2E-9,1.000
169.8E6,911.8E-9,898.5E-9,891.3E-9,1.000
173.8E6,911.8E-9,898.6E-9,891.3E-9,1.000
177.8E6,911.8E-9,898.6E-9,891.3E-9,1.000
182.0E6,911.8E-9,898.6E-9,891.3E-9,1.000
186.2E6,911.9E-9,898.6E-9,891.3E-9,1.000
190.5E6,911.9E-9,898.6E-9,891.3E-9,1.000
195.0E6,911.9E-9,898.6E-9,891.3E-9,1.000
199.5E6,911.9E-9,898.6E-9,891.3E-9,1.000
204.2E6,912.0E-9,898.6E-9,891.3E-9,1.000
208.9E6,912.0E-9,898.6E-9,891.3E-9,1.000
213.8E6,912.0E-9,898.7E-9,891.3E-9,1.000
218.8E6,912.1E-9,898.7E-9,891.3E-9,1.000
223.9E6,912.1E-9,898.7E-9,891.4E-9,1.000
229.1E6,912.1E-9,898.7E-9,891.4E-9,1.000
234.4E6,912.2E-9,898.7E-9,891.4E-9,1.000
239.9E6,912.2E-9,898.8E-9,891.4E-9,1.000
245.5E6,912.3E-9,898.8E-9,891.4E-9,1.000
251.2E6,912.3E-9,898.8E-9,891.4E-9,1.000
257.0E6,912.4E-9,898.8E-9,891.4E-9,1.000
263.0E6,912.4E-9,898.8E-9,891.4E-9,1.000
269.2E6,912.5E-9,898.9E-9,891.5E-9,1.000
275.4E6,912.5E-9,898.9E-9,891.5E-9,1.000
281.8E6,912.6E-9,898.9E-9,891.5E-9,1.000
288.4E6,912.6E-9,898.9E-9,891.5E-9,1.000
295.1E6,912.7E-9,899.0E-9,891.5E-9,1.000
302.0E6,912.8E-9,899.0E-9,891.5E-9,1.000
309.0E6,912.8E-9,899.0E-9,891.6E-9,1.000
316.2E6,912.9E-9,899.1E-9,891.6E-9,1.000
323.6E6,913.0E-9,899.1E-9,891.6E-9,1.000
331.1E6,913.1E-9,899.1E-9,891.6E-9,1.000
338.8E6,913.2E-9,899.2E-9,891.7E-9,1.000
346.7E6,913.2E-9,899.2E-9,891.7E-9,1.000
354.8E6,913.3E-9,899.3E-9,891.7E-9,1.000
363.1E6,913.4E-9,899.3E-9,891.7E-9,1.000
371.5E6,913.5E-9,899.4E-9,891.8E-9,1.000
380.2E6,913.7E-9,899.4E-9,891.8E-9,1.000
389.0E6,913.8E-9,899.5E-9,891.8E-9,1.000
398.1E6,913.9E-9,899.5E-9,891.9E-9,1.000
407.4E6,914.0E-9,899.6E-9,891.9E-9,1.000
416.9E6,914.1E-9,899.6E-9,891.9E-9,1.000
426.6E6,914.3E-9,899.7E-9,892.0E-9,1.000
436.5E6,914.4E-9,899.8E-9,892.0E-9,1.000
446.7E6,914.6E-9,899.8E-9,892.1E-9,1.000
457.1E6,914.7E-9,899.9E-9,892.1E-9,1.000
467.7E6,914.9E-9,900.0E-9,892.2E-9,1.000
478.6E6,915.1E-9,900.1E-9,892.2E-9,1.000
489.8E6,915.2E-9,900.1E-9,892.3E-9,1.000
501.2E6,915.4E-9,900.2E-9,892.3E-9,1.000
512.9E6,915.6E-9,900.3E-9,892.4E-9,1.000
524.8E6,915.8E-9,900.4E-9,892.4E-9,1.000
537.0E6,916.0E-9,900.5E-9,892.5E-9,1.000
549.5E6,916.3E-9,900.6E-9,892.5E-9,1.000
562.3E6,916.5E-9,900.7E-9,892.6E-9,1.000
575.4E6,916.8E-9,900.8E-9,892.7E-9,1.000
588.8E6,917.0E-9,900.9E-9,892.8E-9,1.000
602.6E6,917.3E-9,901.1E-9,892.8E-9,1.000
616.6E6,917.6E-9,901.2E-9,892.9E-9,1.000
631.0E6,917.9E-9,901.3E-9,893.0E-9,1.000
645.7E6,918.2E-9,901.5E-9,893.1E-9,1.000
660.7E6,918.5E-9,901.6E-9,893.2E-9,1.000
676.1E6,918.8E-9,901.8E-9,893.3E-9,1.000
691.8E6,919.2E-9,902.0E-9,893.4E-9,1.000
707.9E6,919.6E-9,902.1E-9,893.5E-9,1.000
724.4E6,920.0E-9,902.3E-9,893.6E-9,1.000
741.3E6,920.4E-9,902.5E-9,893.7E-9,1.000
758.6E6,920.8E-9,902.7E-9,893.8E-9,1.000
776.2E6,921.3E-9,902.9E-9,894.0E-9,1.000
794.3E6,921.7E-9,903.1E-9,894.1E-9,1.000
812.8E6,922.2E-9,903.3E-9,894.2E-9,1.000
831.8E6,922.7E-9,903.6E-9,894.4E-9,1.000
851.1E6,923.3E-9,903.8E-9,894.6E-9,1.000
871.0E6,923.8E-9,904.1E-9,894.7E-9,1.000
891.3E6,924.4E-9,904.4E-9,894.9E-9,1.000
912.0E6,925.0E-9,904.6E-9,895.1E-9,1.000
933.3E6,925.7E-9,904.9E-9,895.2E-9,1.000
955.0E6,926.4E-9,905.2E-9,895.4E-9,1.000
977.2E6,927.1E-9,905.6E-9,895.6E-9,1.000
1.000E9,927.8E-9,905.9E-9,895.9E-9,1.000
1.023E9,928.6E-9,906.3E-9,896.1E-9,1.000
1.047E9,929.4E-9,906.6E-9,896.3E-9,1.000
1.072E9,930.3E-9,907.0E-9,896.6E-9,1.000
1.096E9,931.1E-9,907.4E-9,896.8E-9,1.000
1.122E9,932.1E-9,907.9E-9,897.1E-9,1.000
1.148E9,933.0E-9,908.3E-9,897.4E-9,1.000
1.175E9,934.1E-9,908.8E-9,897.7E-9,1.000
1.202E9,935.1E-9,909.3E-9,898.0E-9,1.000
1.230E9,936.2E-9,909.8E-9,898.3E-9,1.000
1.259E9,937.4E-9,910.3E-9,898.6E-9,1.000
1.288E9,938.6E-9,910.9E-9,899.0E-9,1.000
1.318E9,939.9E-9,911.5E-9,899.3E-9,1.000
1.349E9,941.2E-9,912.1E-9,899.7E-9,1.000
1.380E9,942.6E-9,912.7E-9,900.1E-9,1.000
1.413E9,944.0E-9,913.4E-9,900.6E-9,1.000
1.445E9,945.6E-9,914.1E-9,901.0E-9,1.000
1.479E9,947.2E-9,914.9E-9,901.5E-9,1.000
1.514E9,948.8E-9,915.6E-9,901.9E-9,1.000
1.549E9,950.6E-9,916.5E-9,902.4E-9,1.000
1.585E9,952.4E-9,917.3E-9,903.0E-9,1.000
1.622E9,954.3E-9,918.2E-9,903.5E-9,1.000
1.660E9,956.2E-9,919.1E-9,904.1E-9,1.000
1.698E9,958.3E-9,920.1E-9,904.7E-9,1.000
1.738E9,960.5E-9,921.1E-9,905.4E-9,1.000
1.778E9,962.7E-9,922.2E-9,906.0E-9,1.000
1.820E9,965.1E-9,923.3E-9,906.7E-9,1.000
1.862E9,967.6E-9,924.4E-9,907.5E-9,1.000
1.905E9,970.1E-9,925.6E-9,908.2E-9,1.000
1.950E9,972.8E-9,926.9E-9,909.0E-9,1.000
1.995E9,975.6E-9,928.2E-9,909.8E-9,1.000
2.042E9,978.6E-9,929.6E-9,910.7E-9,1.000
2.089E9,981.6E-9,931.1E-9,911.6E-9,1.000
2.138E9,984.8E-9,932.6E-9,912.6E-9,1.000
2.188E9,988.1E-9,934.2E-9,913.6E-9,1.000
2.239E9,991.6E-9,935.8E-9,914.6E-9,1.000
2.291E9,995.2E-9,937.6E-9,915.7E-9,1.000
2.344E9,999.0E-9,939.4E-9,916.9E-9,1.000
2.399E9,1.003E-6,941.3E-9,918.1E-9,1.000
2.455E9,1.007E-6,943.2E-9,919.3E-9,1.000
2.512E9,1.011E-6,945.3E-9,920.6E-9,1.000
2.570E9,1.016E-6,947.5E-9,922.0E-9,1.000
2.630E9,1.021E-6,949.7E-9,923.4E-9,1.000
2.692E9,1.025E-6,952.1E-9,924.9E-9,1.000
2.754E9,1.030E-6,954.5E-9,926.5E-9,1.000
2.818E9,1.036E-6,957.1E-9,928.1E-9,1.000
2.884E9,1.041E-6,959.8E-9,929.8E-9,1.000
2.951E9,1.047E-6,962.6E-9,931.6E-9,1.000
3.020E9,1.053E-6,965.5E-9,933.5E-9,1.000
3.090E9,1.059E-6,968.5E-9,935.4E-9,1.000
3.162E9,1.066E-6,971.7E-9,937.5E-9,1.000
3.236E9,1.072E-6,975.1E-9,939.6E-9,1.000
3.311E9,1.079E-6,978.5E-9,941.8E-9,1.000
3.388E9,1.087E-6,982.1E-9,944.1E-9,1.000
3.467E9,1.094E-6,985.9E-9,946.6E-9,1.000
3.548E9,1.102E-6,989.9E-9,949.1E-9,1.000
3.631E9,1.110E-6,994.0E-9,951.7E-9,1.000
3.715E9,1.119E-6,998.2E-9,954.5E-9,1.000
3.802E9,1.128E-6,1.003E-6,957.4E-9,1.000
3.890E9,1.137E-6,1.007E-6,960.4E-9,1.000
3.981E9,1.146E-6,1.012E-6,963.5E-9,1.000
4.074E9,1.156E-6,1.017E-6,966.8E-9,1.000
4.169E9,1.167E-6,1.023E-6,970.2E-9,1.000
4.266E9,1.177E-6,1.028E-6,973.8E-9,1.000
4.365E9,1.188E-6,1.034E-6,977.5E-9,1.000
4.467E9,1.200E-6,1.040E-6,981.4E-9,1.000
4.571E9,1.212E-6,1.046E-6,985.5E-9,1.000
4.677E9,1.224E-6,1.052E-6,989.7E-9,1.000
4.786E9,1.237E-6,1.059E-6,994.1E-9,1.000
4.898E9,1.250E-6,1.066E-6,998.7E-9,1.000
5.012E9,1.264E-6,1.073E-6,1.003E-6,1.000
5.129E9,1.278E-6,1.081E-6,1.008E-6,1.000
5.248E9,1.293E-6,1.089E-6,1.014E-6,1.000
5.370E9,1.308E-6,1.097E-6,1.019E-6,1.000
5.495E9,1.324E-6,1.105E-6,1.025E-6,1.000
5.623E9,1.340E-6,1.114E-6,1.031E-6,1.000
5.754E9,1.357E-6,1.123E-6,1.037E-6,1.000
5.888E9,1.374E-6,1.133E-6,1.043E-6,1.000
6.026E9,1.392E-6,1.143E-6,1.050E-6,1.000
6.166E9,1.411E-6,1.153E-6,1.057E-6,1.000
6.310E9,1.430E-6,1.163E-6,1.064E-6,1.000
6.457E9,1.450E-6,1.174E-6,1.071E-6,1.000
6.607E9,1.471E-6,1.186E-6,1.079E-6,1.000
6.761E9,1.492E-6,1.198E-6,1.087E-6,1.000
6.918E9,1.514E-6,1.210E-6,1.095E-6,1.000
7.079E9,1.536E-6,1.223E-6,1.104E-6,1.000
7.244E9,1.560E-6,1.236E-6,1.113E-6,1.000
7.413E9,1.584E-6,1.250E-6,1.122E-6,1.000
7.586E9,1.608E-6,1.264E-6,1.132E-6,1.000
7.762E9,1.634E-6,1.278E-6,1.142E-6,1.000
7.943E9,1.660E-6,1.294E-6,1.153E-6,1.000
8.128E9,1.687E-6,1.309E-6,1.164E-6,1.000
8.318E9,1.715E-6,1.326E-6,1.175E-6,1.000
8.511E9,1.744E-6,1.342E-6,1.187E-6,1.000
8.710E9,1.774E-6,1.360E-6,1.199E-6,1.000
8.913E9,1.804E-6,1.378E-6,1.211E-6,1.000
9.120E9,1.835E-6,1.396E-6,1.224E-6,1.000
9.333E9,1.868E-6,1.415E-6,1.238E-6,1.000
9.550E9,1.901E-6,1.435E-6,1.252E-6,1.000
9.772E9,1.935E-6,1.455E-6,1.266E-6,1.000
10.00E9,1.970E-6,1.477E-6,1.281E-6,1.000
