time,v_out1,v_out2,v_in,a, b, g, c
0.000,900.0E-3,0.000,900.0E-3,0.000,900.0E-3,0.000,900.0E-3
30.43E-3,899.7E-3,25.66E-3,899.6E-3,40.54E-3,899.8E-3,25.66E-3,901.3E-3
67.23E-3,899.0E-3,55.07E-3,898.9E-3,89.34E-3,899.2E-3,55.07E-3,902.8E-3
115.1E-3,897.9E-3,95.51E-3,897.6E-3,155.5E-3,898.1E-3,95.51E-3,904.8E-3
156.7E-3,896.7E-3,128.8E-3,896.3E-3,215.9E-3,896.9E-3,128.8E-3,906.5E-3
240.1E-3,893.7E-3,195.3E-3,893.5E-3,336.7E-3,893.6E-3,195.3E-3,909.8E-3
313.3E-3,890.7E-3,251.0E-3,890.9E-3,449.6E-3,889.9E-3,251.0E-3,912.6E-3
386.1E-3,887.5E-3,311.2E-3,888.1E-3,554.8E-3,886.1E-3,311.2E-3,915.6E-3
469.2E-3,883.7E-3,385.6E-3,884.5E-3,669.2E-3,881.7E-3,385.6E-3,919.4E-3
567.0E-3,879.3E-3,484.7E-3,879.8E-3,795.5E-3,876.6E-3,484.7E-3,924.4E-3
690.5E-3,873.6E-3,639.1E-3,872.5E-3,940.7E-3,870.5E-3,639.1E-3,932.1E-3
855.4E-3,866.0E-3,851.8E-3,862.4E-3,1.113,863.3E-3,851.8E-3,942.8E-3
1.071,856.0E-3,1.087,851.2E-3,1.320,854.4E-3,1.087,954.6E-3
1.305,845.2E-3,1.332,839.6E-3,1.551,844.6E-3,1.332,966.9E-3
1.547,834.0E-3,1.582,827.7E-3,1.789,834.3E-3,1.582,979.4E-3
1.793,822.7E-3,1.833,815.8E-3,2.031,823.9E-3,1.833,991.9E-3
2.041,811.3E-3,2.082,804.1E-3,2.275,813.5E-3,2.082,1.004
2.287,800.0E-3,2.330,792.4E-3,2.519,803.1E-3,2.330,1.017
2.533,788.8E-3,2.576,780.8E-3,2.763,792.7E-3,2.576,1.029
2.777,777.6E-3,2.820,769.4E-3,3.005,782.4E-3,2.820,1.041
3.019,766.6E-3,3.062,758.0E-3,3.246,772.2E-3,3.062,1.053
3.260,755.6E-3,3.303,746.7E-3,3.486,762.1E-3,3.303,1.065
3.501,744.7E-3,3.544,735.6E-3,3.725,752.0E-3,3.544,1.077
3.740,733.9E-3,3.783,724.5E-3,3.964,742.0E-3,3.783,1.088
3.978,723.2E-3,4.021,713.5E-3,4.201,732.0E-3,4.021,1.100
4.216,712.5E-3,4.259,702.5E-3,4.438,722.1E-3,4.259,1.112
4.453,701.9E-3,4.496,691.7E-3,4.675,712.3E-3,4.496,1.123
4.690,691.4E-3,4.732,680.9E-3,4.911,702.6E-3,4.732,1.134
4.926,681.0E-3,4.968,670.2E-3,5.147,692.9E-3,4.968,1.146
5.161,670.6E-3,5.204,659.5E-3,5.382,683.2E-3,5.204,1.157
5.397,660.3E-3,5.439,648.9E-3,5.617,673.6E-3,5.439,1.168
5.631,650.0E-3,5.674,638.4E-3,5.851,664.1E-3,5.674,1.179
5.866,639.8E-3,5.908,628.0E-3,6.086,654.7E-3,5.908,1.190
6.100,629.7E-3,6.142,617.6E-3,6.320,645.3E-3,6.142,1.201
6.334,619.7E-3,6.376,607.3E-3,6.553,636.0E-3,6.376,1.212
6.568,609.7E-3,6.610,597.1E-3,6.787,626.7E-3,6.610,1.223
6.801,599.8E-3,6.843,586.9E-3,7.020,617.5E-3,6.843,1.233
7.035,590.0E-3,7.077,576.8E-3,7.253,608.4E-3,7.077,1.244
7.268,580.2E-3,7.310,566.9E-3,7.486,599.4E-3,7.310,1.255
7.501,570.5E-3,7.543,556.9E-3,7.719,590.4E-3,7.543,1.265
7.734,561.0E-3,7.775,547.1E-3,7.952,581.5E-3,7.775,1.275
7.966,551.4E-3,8.008,537.3E-3,8.184,572.6E-3,8.008,1.286
8.199,542.0E-3,8.240,527.7E-3,8.417,563.9E-3,8.240,1.296
8.431,532.6E-3,8.473,518.1E-3,8.649,555.2E-3,8.473,1.306
8.663,523.4E-3,8.705,508.6E-3,8.881,546.6E-3,8.705,1.316
8.895,514.2E-3,8.937,499.2E-3,9.113,538.1E-3,8.937,1.326
9.127,505.1E-3,9.169,489.9E-3,9.345,529.6E-3,9.169,1.336
9.359,496.1E-3,9.401,480.6E-3,9.576,521.3E-3,9.401,1.346
9.591,487.1E-3,9.632,471.5E-3,9.808,513.0E-3,9.632,1.355
9.822,478.3E-3,9.864,462.4E-3,10.04,504.8E-3,9.864,1.365
10.05,469.6E-3,10.10,453.5E-3,10.27,496.7E-3,10.10,1.374
10.29,460.9E-3,10.33,444.7E-3,10.50,488.7E-3,10.33,1.383
10.52,452.4E-3,10.56,435.9E-3,10.73,480.7E-3,10.56,1.393
10.75,443.9E-3,10.79,427.3E-3,10.96,472.9E-3,10.79,1.402
10.98,435.6E-3,11.02,418.7E-3,11.20,465.1E-3,11.02,1.411
11.21,427.3E-3,11.25,410.3E-3,11.43,457.5E-3,11.25,1.420
11.44,419.2E-3,11.48,401.9E-3,11.66,449.9E-3,11.48,1.428
11.67,411.1E-3,11.71,393.7E-3,11.89,442.5E-3,11.71,1.437
11.90,403.2E-3,11.94,385.6E-3,12.12,435.1E-3,11.94,1.446
12.13,395.4E-3,12.18,377.6E-3,12.35,427.9E-3,12.18,1.454
12.36,387.6E-3,12.41,369.7E-3,12.58,420.7E-3,12.41,1.462
12.60,380.0E-3,12.64,361.9E-3,12.81,413.7E-3,12.64,1.471
12.83,372.5E-3,12.87,354.3E-3,13.04,406.7E-3,12.87,1.479
13.06,365.1E-3,13.10,346.7E-3,13.27,399.9E-3,13.10,1.487
13.29,357.9E-3,13.33,339.3E-3,13.50,393.1E-3,13.33,1.494
13.52,350.7E-3,13.56,332.0E-3,13.73,386.5E-3,13.56,1.502
13.75,343.7E-3,13.79,324.8E-3,13.96,380.0E-3,13.79,1.510
13.98,336.7E-3,14.02,317.7E-3,14.19,373.6E-3,14.02,1.517
14.21,329.9E-3,14.25,310.8E-3,14.42,367.3E-3,14.25,1.524
14.44,323.2E-3,14.48,303.9E-3,14.66,361.1E-3,14.48,1.532
14.67,316.7E-3,14.71,297.2E-3,14.89,355.0E-3,14.71,1.539
14.90,310.2E-3,14.94,290.7E-3,15.12,349.0E-3,14.94,1.545
15.13,303.9E-3,15.17,284.2E-3,15.35,343.2E-3,15.17,1.552
15.36,297.7E-3,15.40,277.9E-3,15.58,337.5E-3,15.40,1.559
15.59,291.7E-3,15.63,271.8E-3,15.81,331.9E-3,15.63,1.565
15.82,285.7E-3,15.86,265.7E-3,16.04,326.4E-3,15.86,1.572
16.05,279.9E-3,16.09,259.8E-3,16.27,321.0E-3,16.09,1.578
16.28,274.3E-3,16.32,254.0E-3,16.50,315.8E-3,16.32,1.584
16.51,268.7E-3,16.55,248.4E-3,16.73,310.6E-3,16.55,1.590
16.74,263.3E-3,16.78,242.9E-3,16.95,305.6E-3,16.78,1.596
16.97,258.0E-3,17.01,237.5E-3,17.18,300.8E-3,17.01,1.601
17.20,252.9E-3,17.24,232.3E-3,17.41,296.0E-3,17.24,1.607
17.43,247.9E-3,17.47,227.2E-3,17.64,291.4E-3,17.47,1.612
17.66,243.0E-3,17.70,222.2E-3,17.87,286.9E-3,17.70,1.617
17.89,238.3E-3,17.93,217.4E-3,18.10,282.5E-3,17.93,1.622
18.12,233.7E-3,18.16,212.8E-3,18.33,278.3E-3,18.16,1.627
18.35,229.2E-3,18.39,208.3E-3,18.56,274.2E-3,18.39,1.632
18.58,224.9E-3,18.62,203.9E-3,18.79,270.2E-3,18.62,1.637
18.81,220.7E-3,18.85,199.7E-3,19.02,266.4E-3,18.85,1.641
19.04,216.7E-3,19.08,195.6E-3,19.25,262.7E-3,19.08,1.645
19.27,212.8E-3,19.31,191.6E-3,19.48,259.1E-3,19.31,1.649
19.49,209.1E-3,19.54,187.8E-3,19.71,255.6E-3,19.54,1.653
19.72,205.5E-3,19.77,184.2E-3,19.94,252.3E-3,19.77,1.657
19.95,202.0E-3,19.99,180.7E-3,20.17,249.2E-3,19.99,1.661
20.18,198.7E-3,20.22,177.4E-3,20.40,246.1E-3,20.22,1.664
20.41,195.5E-3,20.45,174.2E-3,20.63,243.2E-3,20.45,1.668
20.64,192.5E-3,20.68,171.1E-3,20.86,240.4E-3,20.68,1.671
20.87,189.6E-3,20.91,168.3E-3,21.09,237.8E-3,20.91,1.674
21.10,186.9E-3,21.14,165.5E-3,21.31,235.3E-3,21.14,1.677
21.33,184.3E-3,21.37,162.9E-3,21.54,233.0E-3,21.37,1.679
21.56,181.9E-3,21.60,160.5E-3,21.77,230.7E-3,21.60,1.682
21.79,179.6E-3,21.83,158.2E-3,22.00,228.7E-3,21.83,1.684
22.02,177.5E-3,22.06,156.1E-3,22.23,226.7E-3,22.06,1.686
22.25,175.5E-3,22.29,154.1E-3,22.46,224.9E-3,22.29,1.688
22.47,173.7E-3,22.52,152.3E-3,22.69,223.3E-3,22.52,1.690
22.70,172.0E-3,22.74,150.7E-3,22.92,221.8E-3,22.74,1.692
22.93,170.5E-3,22.97,149.2E-3,23.15,220.4E-3,22.97,1.694
23.16,169.1E-3,23.20,147.8E-3,23.38,219.1E-3,23.20,1.695
23.39,167.9E-3,23.43,146.6E-3,23.61,218.1E-3,23.43,1.696
23.62,166.8E-3,23.66,145.6E-3,23.83,217.1E-3,23.66,1.697
23.85,165.9E-3,23.89,144.7E-3,24.06,216.3E-3,23.89,1.698
24.08,165.1E-3,24.12,144.0E-3,24.29,215.6E-3,24.12,1.699
24.31,164.5E-3,24.35,143.4E-3,24.52,215.1E-3,24.35,1.699
24.54,164.0E-3,24.58,143.0E-3,24.75,214.7E-3,24.58,1.700
24.76,163.7E-3,24.81,142.8E-3,24.98,214.4E-3,24.81,1.700
24.99,163.6E-3,25.03,142.7E-3,25.21,214.3E-3,25.03,1.700
25.22,163.6E-3,25.26,142.7E-3,25.44,214.4E-3,25.26,1.700
25.45,163.7E-3,25.49,143.0E-3,25.67,214.6E-3,25.49,1.700
25.68,164.0E-3,25.72,143.3E-3,25.89,214.9E-3,25.72,1.699
25.91,164.5E-3,25.95,143.9E-3,26.12,215.3E-3,25.95,1.699
26.14,165.1E-3,26.18,144.5E-3,26.35,215.9E-3,26.18,1.698
26.37,165.8E-3,26.41,145.4E-3,26.58,216.7E-3,26.41,1.697
26.59,166.7E-3,26.64,146.4E-3,26.81,217.6E-3,26.64,1.696
26.82,167.8E-3,26.86,147.5E-3,27.04,218.6E-3,26.86,1.695
27.05,169.0E-3,27.09,148.9E-3,27.27,219.8E-3,27.09,1.693
27.28,170.3E-3,27.32,150.3E-3,27.50,221.1E-3,27.32,1.691
27.51,171.9E-3,27.55,152.0E-3,27.73,222.6E-3,27.55,1.690
27.74,173.5E-3,27.78,153.7E-3,27.96,224.2E-3,27.78,1.688
27.97,175.4E-3,28.01,155.7E-3,28.19,225.9E-3,28.01,1.686
28.20,177.3E-3,28.24,157.8E-3,28.42,227.8E-3,28.24,1.683
28.43,179.5E-3,28.47,160.0E-3,28.65,229.8E-3,28.47,1.681
28.66,181.7E-3,28.71,162.5E-3,28.88,232.0E-3,28.71,1.678
28.89,184.2E-3,28.94,165.0E-3,29.11,234.3E-3,28.94,1.676
29.13,186.8E-3,29.17,167.8E-3,29.34,236.8E-3,29.17,1.673
29.36,189.5E-3,29.40,170.7E-3,29.58,239.4E-3,29.40,1.670
29.59,192.4E-3,29.63,173.7E-3,29.81,242.1E-3,29.63,1.666
29.82,195.5E-3,29.87,176.9E-3,30.04,245.0E-3,29.87,1.663
30.06,198.7E-3,30.10,180.3E-3,30.28,248.1E-3,30.10,1.659
30.29,202.1E-3,30.33,183.9E-3,30.51,251.3E-3,30.33,1.656
30.52,205.6E-3,30.57,187.6E-3,30.75,254.6E-3,30.57,1.652
30.76,209.3E-3,30.80,191.4E-3,30.98,258.1E-3,30.80,1.647
31.00,213.2E-3,31.04,195.5E-3,31.22,261.8E-3,31.04,1.643
31.23,217.2E-3,31.27,199.7E-3,31.45,265.6E-3,31.27,1.639
31.47,221.4E-3,31.51,204.0E-3,31.69,269.5E-3,31.51,1.634
31.71,225.7E-3,31.75,208.6E-3,31.93,273.6E-3,31.75,1.629
31.94,230.2E-3,31.99,213.3E-3,32.17,277.9E-3,31.99,1.624
32.18,234.9E-3,32.23,218.1E-3,32.41,282.3E-3,32.23,1.619
32.42,239.7E-3,32.47,223.2E-3,32.65,286.9E-3,32.47,1.614
32.66,244.7E-3,32.71,228.4E-3,32.89,291.6E-3,32.71,1.608
32.90,249.9E-3,32.95,233.8E-3,33.13,296.5E-3,32.95,1.602
33.15,255.3E-3,33.19,239.4E-3,33.37,301.5E-3,33.19,1.596
33.39,260.8E-3,33.43,245.1E-3,33.62,306.7E-3,33.43,1.590
33.63,266.5E-3,33.68,251.0E-3,33.86,312.1E-3,33.68,1.584
33.88,272.3E-3,33.92,257.1E-3,34.11,317.6E-3,33.92,1.578
34.13,278.4E-3,34.17,263.4E-3,34.36,323.3E-3,34.17,1.571
34.37,284.6E-3,34.42,269.8E-3,34.61,329.2E-3,34.42,1.564
34.62,291.0E-3,34.67,276.5E-3,34.86,335.2E-3,34.67,1.557
34.87,297.5E-3,34.92,283.3E-3,35.11,341.4E-3,34.92,1.550
35.12,304.3E-3,35.17,290.3E-3,35.36,347.8E-3,35.17,1.542
35.38,311.3E-3,35.42,297.6E-3,35.61,354.3E-3,35.42,1.535
35.63,318.4E-3,35.68,305.0E-3,35.87,361.1E-3,35.68,1.527
35.89,325.7E-3,35.93,312.6E-3,36.13,368.0E-3,35.93,1.519
36.14,333.2E-3,36.19,320.4E-3,36.38,375.1E-3,36.19,1.510
36.40,341.0E-3,36.45,328.4E-3,36.64,382.4E-3,36.45,1.502
36.66,348.9E-3,36.71,336.6E-3,36.91,389.8E-3,36.71,1.493
36.92,357.0E-3,36.97,345.0E-3,37.17,397.5E-3,36.97,1.484
37.19,365.3E-3,37.23,353.7E-3,37.44,405.4E-3,37.23,1.475
37.45,373.8E-3,37.50,362.5E-3,37.70,413.4E-3,37.50,1.466
37.72,382.6E-3,37.77,371.6E-3,37.97,421.7E-3,37.77,1.456
37.99,391.6E-3,38.04,380.9E-3,38.25,430.1E-3,38.04,1.446
38.26,400.8E-3,38.31,390.4E-3,38.52,438.8E-3,38.31,1.436
38.54,410.2E-3,38.59,400.1E-3,38.80,447.7E-3,38.59,1.426
38.82,419.8E-3,38.87,410.1E-3,39.08,456.8E-3,38.87,1.415
39.09,429.7E-3,39.15,420.4E-3,39.36,466.2E-3,39.15,1.404
39.38,439.8E-3,39.43,430.9E-3,39.65,475.8E-3,39.43,1.393
39.66,450.2E-3,39.71,441.6E-3,39.93,485.6E-3,39.71,1.382
39.95,460.9E-3,40.00,452.7E-3,40.22,495.7E-3,40.00,1.370
40.24,471.8E-3,40.30,464.0E-3,40.52,506.0E-3,40.30,1.358
40.54,483.0E-3,40.59,475.6E-3,40.82,516.6E-3,40.59,1.346
40.84,494.4E-3,40.89,487.4E-3,41.12,527.5E-3,40.89,1.333
41.14,506.2E-3,41.19,499.6E-3,41.43,538.7E-3,41.19,1.320
41.45,518.3E-3,41.50,512.1E-3,41.74,550.1E-3,41.50,1.307
41.76,530.7E-3,41.81,525.0E-3,42.05,561.9E-3,41.81,1.294
42.07,543.4E-3,42.13,538.1E-3,42.38,574.0E-3,42.13,1.280
42.40,556.5E-3,42.45,551.7E-3,42.70,586.4E-3,42.45,1.265
42.72,569.9E-3,42.78,565.6E-3,43.03,599.2E-3,42.78,1.251
43.06,583.8E-3,43.12,580.0E-3,43.37,612.4E-3,43.12,1.235
43.40,598.0E-3,43.46,594.7E-3,43.72,626.0E-3,43.46,1.220
43.74,612.7E-3,43.80,609.9E-3,44.07,640.1E-3,43.80,1.204
44.10,627.9E-3,44.16,625.7E-3,44.44,654.6E-3,44.16,1.187
44.46,643.6E-3,44.53,641.9E-3,44.81,669.7E-3,44.53,1.170
44.83,659.9E-3,44.90,658.8E-3,45.19,685.3E-3,44.90,1.152
45.22,676.7E-3,45.29,676.2E-3,45.59,701.5E-3,45.29,1.133
45.61,694.2E-3,45.69,694.4E-3,46.00,718.4E-3,45.69,1.114
46.02,712.5E-3,46.10,713.4E-3,46.42,736.2E-3,46.10,1.094
46.45,731.7E-3,46.53,733.3E-3,46.87,754.9E-3,46.53,1.073
46.90,751.9E-3,46.98,754.2E-3,47.34,774.6E-3,46.98,1.051
47.37,773.2E-3,47.45,776.5E-3,47.83,795.7E-3,47.45,1.028
47.86,796.0E-3,47.96,800.2E-3,48.37,818.5E-3,47.96,1.002
48.40,820.7E-3,48.50,826.0E-3,48.95,843.6E-3,48.50,975.2E-3
48.99,847.8E-3,49.10,854.5E-3,49.61,872.1E-3,49.10,945.0E-3
49.66,878.7E-3,49.79,887.2E-3,50.42,906.6E-3,49.79,910.5E-3
50.47,916.4E-3,50.65,927.9E-3,51.42,949.6E-3,50.65,867.5E-3
51.47,962.6E-3,51.65,975.4E-3,52.42,992.5E-3,51.65,817.3E-3
52.47,1.009,52.65,1.023,53.24,1.027,52.65,767.5E-3
53.28,1.045,53.43,1.059,53.91,1.056,53.43,728.8E-3
53.95,1.075,54.07,1.089,54.49,1.080,54.07,697.4E-3
54.52,1.101,54.64,1.115,55.00,1.101,54.64,670.1E-3
55.04,1.124,55.14,1.138,55.48,1.121,55.14,645.9E-3
55.51,1.145,55.61,1.159,55.92,1.138,55.61,624.0E-3
55.94,1.164,56.04,1.178,56.33,1.155,56.04,603.7E-3
56.36,1.181,56.45,1.196,56.73,1.171,56.45,584.7E-3
56.75,1.198,56.84,1.213,57.11,1.186,56.84,566.7E-3
57.13,1.214,57.22,1.229,57.47,1.200,57.22,549.6E-3
57.50,1.229,57.58,1.245,57.83,1.214,57.58,533.2E-3
57.86,1.244,57.93,1.260,58.18,1.227,57.93,517.5E-3
58.20,1.258,58.28,1.274,58.52,1.240,58.28,502.4E-3
58.54,1.272,58.62,1.288,58.85,1.252,58.62,487.8E-3
58.87,1.285,58.95,1.301,59.18,1.264,58.95,473.6E-3
59.20,1.298,59.27,1.314,59.49,1.276,59.27,460.0E-3
59.52,1.310,59.59,1.327,59.81,1.287,59.59,446.7E-3
59.83,1.322,59.90,1.339,60.12,1.298,59.90,433.8E-3
60.14,1.334,60.21,1.351,60.42,1.309,60.21,421.4E-3
60.44,1.345,60.51,1.362,60.72,1.319,60.51,409.2E-3
60.74,1.356,60.81,1.373,61.02,1.329,60.81,397.5E-3
61.04,1.367,61.10,1.384,61.31,1.339,61.10,386.0E-3
61.33,1.377,61.40,1.395,61.60,1.348,61.40,374.9E-3
61.62,1.387,61.68,1.405,61.89,1.357,61.68,364.0E-3
61.91,1.397,61.97,1.415,62.17,1.366,61.97,353.5E-3
62.19,1.406,62.25,1.425,62.45,1.375,62.25,343.2E-3
62.47,1.416,62.53,1.434,62.73,1.384,62.53,333.3E-3
62.74,1.425,62.81,1.444,63.00,1.392,62.81,323.5E-3
63.02,1.434,63.08,1.453,63.27,1.400,63.08,314.1E-3
63.29,1.442,63.35,1.461,63.54,1.408,63.35,304.9E-3
63.56,1.451,63.62,1.470,63.81,1.416,63.62,295.9E-3
63.83,1.459,63.89,1.478,64.07,1.423,63.89,287.2E-3
64.09,1.467,64.15,1.486,64.34,1.430,64.15,278.7E-3
64.36,1.474,64.41,1.494,64.60,1.437,64.41,270.5E-3
64.62,1.482,64.68,1.502,64.86,1.444,64.68,262.5E-3
64.88,1.489,64.94,1.509,65.12,1.451,64.94,254.7E-3
65.13,1.496,65.19,1.516,65.37,1.457,65.19,247.1E-3
65.39,1.503,65.45,1.523,65.63,1.464,65.45,239.8E-3
65.65,1.510,65.70,1.530,65.88,1.470,65.70,232.7E-3
65.90,1.516,65.96,1.537,66.13,1.476,65.96,225.7E-3
66.15,1.523,66.21,1.543,66.38,1.482,66.21,219.0E-3
66.40,1.529,66.46,1.549,66.63,1.487,66.46,212.5E-3
66.65,1.535,66.71,1.555,66.88,1.493,66.71,206.2E-3
66.90,1.540,66.95,1.561,67.13,1.498,66.95,200.1E-3
67.15,1.546,67.20,1.567,67.37,1.503,67.20,194.2E-3
67.39,1.551,67.45,1.572,67.62,1.508,67.45,188.4E-3
67.64,1.557,67.69,1.578,67.86,1.513,67.69,182.9E-3
67.88,1.562,67.93,1.583,68.11,1.517,67.93,177.6E-3
68.12,1.566,68.18,1.588,68.35,1.522,68.18,172.4E-3
68.36,1.571,68.42,1.592,68.59,1.526,68.42,167.5E-3
68.60,1.576,68.66,1.597,68.83,1.530,68.66,162.7E-3
68.84,1.580,68.90,1.601,69.07,1.534,68.90,158.1E-3
69.08,1.584,69.14,1.605,69.31,1.538,69.14,153.7E-3
69.32,1.588,69.37,1.610,69.54,1.542,69.37,149.4E-3
69.56,1.592,69.61,1.613,69.78,1.545,69.61,145.4E-3
69.80,1.596,69.85,1.617,70.02,1.549,69.85,141.5E-3
70.03,1.599,70.08,1.621,70.25,1.552,70.08,137.8E-3
70.27,1.602,70.32,1.624,70.49,1.555,70.32,134.3E-3
70.50,1.606,70.56,1.627,70.72,1.558,70.56,131.0E-3
70.74,1.609,70.79,1.630,70.95,1.561,70.79,127.8E-3
70.97,1.612,71.02,1.633,71.19,1.563,71.02,124.8E-3
71.20,1.614,71.26,1.636,71.42,1.566,71.26,122.0E-3
71.44,1.617,71.49,1.638,71.65,1.568,71.49,119.4E-3
71.67,1.619,71.72,1.641,71.89,1.570,71.72,116.9E-3
71.90,1.621,71.95,1.643,72.12,1.572,71.95,114.6E-3
72.13,1.624,72.18,1.645,72.35,1.574,72.18,112.5E-3
72.36,1.625,72.42,1.647,72.58,1.576,72.42,110.5E-3
72.60,1.627,72.65,1.649,72.81,1.577,72.65,108.7E-3
72.83,1.629,72.88,1.650,73.04,1.579,72.88,107.1E-3
73.06,1.630,73.11,1.652,73.27,1.580,73.11,105.6E-3
73.29,1.632,73.34,1.653,73.50,1.581,73.34,104.4E-3
73.52,1.633,73.57,1.654,73.73,1.582,73.57,103.2E-3
73.75,1.634,73.80,1.655,73.96,1.583,73.80,102.3E-3
73.97,1.635,74.03,1.656,74.19,1.584,74.03,101.5E-3
74.20,1.635,74.26,1.656,74.42,1.585,74.26,100.9E-3
74.43,1.636,74.48,1.657,74.65,1.585,74.48,100.4E-3
74.66,1.636,74.71,1.657,74.88,1.585,74.71,100.1E-3
74.89,1.636,74.94,1.657,75.10,1.586,74.94,100.0E-3
75.12,1.636,75.17,1.657,75.33,1.586,75.17,100.0E-3
75.35,1.636,75.40,1.657,75.56,1.585,75.40,100.3E-3
75.58,1.636,75.63,1.657,75.79,1.585,75.63,100.6E-3
75.81,1.636,75.86,1.656,76.02,1.585,75.86,101.2E-3
76.03,1.635,76.09,1.656,76.25,1.584,76.09,101.9E-3
76.26,1.635,76.32,1.655,76.48,1.584,76.32,102.7E-3
76.49,1.634,76.54,1.654,76.71,1.583,76.54,103.8E-3
76.72,1.633,76.77,1.653,76.94,1.582,76.77,105.0E-3
76.95,1.632,77.00,1.652,77.16,1.581,77.00,106.3E-3
77.18,1.630,77.23,1.650,77.39,1.579,77.23,107.9E-3
77.41,1.629,77.46,1.649,77.62,1.578,77.46,109.5E-3
77.64,1.627,77.69,1.647,77.85,1.577,77.69,111.4E-3
77.87,1.625,77.92,1.645,78.08,1.575,77.92,113.4E-3
78.10,1.624,78.15,1.643,78.31,1.573,78.15,115.6E-3
78.33,1.621,78.38,1.641,78.54,1.571,78.38,118.0E-3
78.56,1.619,78.61,1.639,78.78,1.569,78.61,120.5E-3
78.79,1.617,78.84,1.636,79.01,1.567,78.84,123.2E-3
79.02,1.614,79.08,1.633,79.24,1.564,79.08,126.1E-3
79.25,1.612,79.31,1.631,79.47,1.562,79.31,129.1E-3
79.49,1.609,79.54,1.628,79.70,1.559,79.54,132.3E-3
79.72,1.606,79.77,1.624,79.94,1.556,79.77,135.7E-3
79.95,1.603,80.01,1.621,80.17,1.553,80.01,139.2E-3
80.19,1.599,80.24,1.618,80.40,1.550,80.24,142.9E-3
80.42,1.596,80.47,1.614,80.64,1.547,80.47,146.8E-3
80.66,1.592,80.71,1.610,80.87,1.543,80.71,150.9E-3
80.89,1.589,80.94,1.606,81.11,1.540,80.94,155.1E-3
81.13,1.585,81.18,1.602,81.35,1.536,81.18,159.5E-3
81.36,1.580,81.42,1.598,81.58,1.532,81.42,164.1E-3
81.60,1.576,81.65,1.593,81.82,1.528,81.65,168.9E-3
81.84,1.572,81.89,1.589,82.06,1.524,81.89,173.8E-3
82.08,1.567,82.13,1.584,82.30,1.520,82.13,178.9E-3
82.32,1.562,82.37,1.579,82.54,1.515,82.37,184.2E-3
82.56,1.557,82.61,1.574,82.78,1.511,82.61,189.7E-3
82.80,1.552,82.85,1.568,83.02,1.506,82.85,195.4E-3
83.04,1.547,83.09,1.563,83.26,1.501,83.09,201.2E-3
83.28,1.542,83.34,1.557,83.51,1.496,83.34,207.2E-3
83.53,1.536,83.58,1.551,83.75,1.490,83.58,213.5E-3
83.77,1.530,83.82,1.545,84.00,1.485,83.82,219.9E-3
84.02,1.524,84.07,1.539,84.25,1.479,84.07,226.5E-3
84.26,1.518,84.32,1.533,84.49,1.473,84.32,233.2E-3
84.51,1.512,84.57,1.526,84.74,1.468,84.57,240.2E-3
84.76,1.505,84.82,1.519,84.99,1.461,84.82,247.4E-3
85.01,1.499,85.07,1.512,85.25,1.455,85.07,254.8E-3
85.26,1.492,85.32,1.505,85.50,1.449,85.32,262.4E-3
85.52,1.485,85.57,1.498,85.75,1.442,85.57,270.1E-3
85.77,1.478,85.83,1.490,86.01,1.435,85.83,278.1E-3
86.03,1.470,86.09,1.483,86.27,1.428,86.09,286.3E-3
86.29,1.462,86.34,1.475,86.53,1.421,86.34,294.7E-3
86.54,1.455,86.60,1.467,86.79,1.414,86.60,303.4E-3
86.81,1.447,86.87,1.458,87.05,1.406,86.87,312.2E-3
87.07,1.438,87.13,1.450,87.32,1.398,87.13,321.3E-3
87.33,1.430,87.39,1.441,87.58,1.390,87.39,330.6E-3
87.60,1.421,87.66,1.432,87.85,1.382,87.66,340.1E-3
87.87,1.412,87.93,1.423,88.12,1.374,87.93,349.8E-3
88.14,1.403,88.20,1.413,88.40,1.365,88.20,359.8E-3
88.42,1.394,88.48,1.404,88.67,1.356,88.48,370.1E-3
88.69,1.385,88.75,1.394,88.95,1.347,88.75,380.6E-3
88.97,1.375,89.03,1.384,89.23,1.338,89.03,391.3E-3
89.25,1.365,89.31,1.373,89.52,1.329,89.31,402.3E-3
89.54,1.354,89.60,1.363,89.80,1.319,89.60,413.6E-3
89.82,1.344,89.89,1.352,90.09,1.309,89.89,425.2E-3
90.11,1.333,90.18,1.341,90.39,1.299,90.18,437.0E-3
90.41,1.322,90.47,1.329,90.68,1.288,90.47,449.2E-3
90.70,1.311,90.77,1.317,90.98,1.277,90.77,461.7E-3
91.00,1.299,91.07,1.305,91.29,1.266,91.07,474.4E-3
91.31,1.287,91.38,1.293,91.60,1.255,91.38,487.5E-3
91.62,1.275,91.69,1.280,91.91,1.243,91.69,501.0E-3
91.93,1.262,92.00,1.267,92.23,1.232,92.00,514.8E-3
92.25,1.249,92.32,1.254,92.55,1.219,92.32,529.0E-3
92.58,1.236,92.65,1.240,92.88,1.207,92.65,543.5E-3
92.91,1.222,92.98,1.226,93.22,1.194,92.98,558.5E-3
93.24,1.208,93.32,1.211,93.56,1.180,93.32,574.0E-3
93.59,1.194,93.66,1.196,93.91,1.166,93.66,589.9E-3
93.94,1.179,94.02,1.181,94.27,1.152,94.02,606.3E-3
94.30,1.163,94.38,1.165,94.64,1.137,94.38,623.3E-3
94.67,1.147,94.75,1.148,95.02,1.122,94.75,640.8E-3
95.04,1.131,95.13,1.131,95.41,1.106,95.13,659.0E-3
95.43,1.114,95.52,1.113,95.81,1.089,95.52,678.0E-3
95.84,1.096,95.93,1.094,96.23,1.072,95.93,697.7E-3
96.26,1.077,96.35,1.075,96.66,1.054,96.35,718.3E-3
96.69,1.057,96.80,1.054,97.12,1.034,96.80,740.0E-3
97.15,1.036,97.26,1.033,97.60,1.014,97.26,762.9E-3
97.64,1.014,97.75,1.010,98.12,992.0E-3,97.75,787.3E-3
98.16,990.6E-3,98.28,984.6E-3,98.68,968.1E-3,98.28,813.6E-3
98.72,964.6E-3,98.85,957.3E-3,99.30,941.3E-3,98.85,842.5E-3
99.35,935.6E-3,99.50,926.5E-3,100.0,911.3E-3,99.50,875.0E-3
100.0,905.5E-3,100.0,902.9E-3, , ,100.0,900.0E-3
